:020000040800F2
:1000000000000524412A00082D1D00082F1D0008AE
:10001000311D0008331D0008351D000800000000D8
:10002000000000000000000000000000712E000829
:10003000371D000800000000112F0008972A000853
:10004000952A0008952A0008952A0008952A000894
:10005000952A0008952A0008952A0008952A000884
:10006000952A0008952A0008952A0008391D0008DD
:10007000491D0008591D0008691D0008952A00083F
:10008000952A0008952A0008952A0008791D00087D
:10009000891D0008991D0008A91D0008952A00085F
:1000A000952A0008952A0008952A0008952A000834
:1000B000B91D0008952A0008952A0008952A00080D
:1000C000952A0008952A0008952A0008952A000814
:1000D000952A0008C91D0008952A0008952A0008DD
:1000E000D91D0008952A000800000000952A000884
:1000F000952A0008952A0008952A0008952A0008E4
:10010000952A0008952A0008952A0008952A0008D3
:10011000952A0008952A0008952A0008952A0008C3
:10012000952A0008952A0008952A0008952A0008B3
:10013000952A0008952A0008952A0008952A0008A3
:1001400000000000000000000000000000000000AF
:10015000952A0008952A0008952A0008952A000883
:10016000952A0008952A0008952A0008952A000873
:10017000952A0008ED1D0008952A000800000000DF
:10018000952A0008952A0008FD1D0008952A0008F8
:10019000952A0008952A0008952A0008952A000843
:1001A000952A0008952A0008952A000800000000FA
:1001B000952A0008952A0008952A0008952A000823
:1001C000952A0008952A00080000000000000000A1
:1001D0000000000000000000952A00080000000058
:1001E000000000000000000000000000000000000F
:1001F0000000000000000000952A0008952A000871
:10020000952A0008952A000800000000952A000899
:10021000952A0008952A0008952A0008952A0008C2
:10022000952A000800000000952A00080000000040
:10023000952A0008952A000800000000952A000869
:10024000952A0008952A0008952A0008952A000892
:10025000952A0008952A0008952A0008952A000882
:10026000952A0008952A0008952A0008952A000872
:10027000952A0008952A0008952A00080000000029
:10028000952A0008952A0008952A0008952A000852
:1002900000000000952A0008952A000800000000D0
:1002A00000000000952A0008952A0008952A0008F9
:1002B000952A0008952A0008952A00080D1E0008B6
:0C02C0001D1E0008952A0008952A000861
:1002D0000348044B834202D0034B03B118477047D5
:1002E000A4010024A40100240000000005480649E0
:1002F0000B1AD90F01EBA301491002D0034B03B134
:1003000018477047A4010024A40100240000000045
:1003100010B5064C237843B9FFF7DAFF044B13B14D
:100320000448AFF300800123237010BDA401002412
:100330000000000014D1000808B5044B1BB10449AB
:100340000448AFF30080BDE80840CFE7000000009C
:10035000A801002414D1000853B94AB9002908BFE4
:1003600000281CBF4FF0FF314FF0FF3000F074B990
:10037000ADF1080C6DE904CE00F006F8DDF804E0FC
:10038000DDE9022304B070472DE9F047089D0446DB
:100390008E46002B4DD18A42944669D9B2FA82F238
:1003A00052B101FA02F3C2F1200120FA01F10CFA74
:1003B00002FC41EA030E94404FEA1C48210CBEFBAC
:1003C000F8F61FFA8CF708FB16E341EA034306FB35
:1003D00007F199420AD91CEB030306F1FF3080F0C4
:1003E0001F81994240F21C81023E63445B1AA4B211
:1003F000B3FBF8F008FB103344EA034400FB07F7B3
:10040000A7420AD91CEB040400F1FF3380F00A81F3
:10041000A74240F207816444023840EA0640E41BE8
:1004200000261DB1D4400023C5E900433146BDE894
:10043000F0878B4209D9002D00F0EF800026C5E936
:10044000000130463146BDE8F087B3FA83F6002E4E
:100450004AD18B4202D3824200F2F980841A61EBC6
:10046000030301209E46002DE0D0C5E9004EDDE7E4
:1004700002B9FFDEB2FA82F2002A40F09280A1EBCC
:100480000C014FEA1C471FFA8CFE0126200CB1FB21
:10049000F7F307FB131140EA01410EFB03F088421A
:1004A00008D91CEB010103F1FF3802D2884200F2A7
:1004B000CB804346091AA4B2B1FBF7F007FB101139
:1004C00044EA01440EFB00FEA64508D91CEB0404D7
:1004D00000F1FF3102D2A64500F2BB800846A4EB32
:1004E0000E0440EA03409CE7C6F12007B34022FA1D
:1004F00007FC4CEA030C20FA07F401FA06F31C434C
:10050000F9404FEA1C4900FA06F3B1FBF9F8200C58
:100510001FFA8CFE09FB181140EA014108FB0EF09E
:10052000884202FA06F20BD91CEB010108F1FF3AEE
:1005300080F08880884240F28580A8F102086144FA
:10054000091AA4B2B1FBF9F009FB101144EA014108
:1005500000FB0EFE8E4508D91CEB010100F1FF34B3
:100560006CD28E456AD90238614440EA0840A0FB4B
:100570000294A1EB0E01A142C846A64656D353D021
:100580005DB1B3EB080261EB0E0101FA07F722FA45
:1005900006F3F1401F43C5E9007100263146BDE86E
:1005A000F087C2F12003D8400CFA02FC21FA03F3D1
:1005B000914001434FEA1C471FFA8CFEB3FBF7F052
:1005C00007FB10360B0C43EA064300FB0EF69E4277
:1005D00004FA02F408D91CEB030300F1FF382FD210
:1005E0009E422DD9023863449B1B89B2B3FBF7F6B8
:1005F00007FB163341EA034106FB0EF38B4208D991
:100600001CEB010106F1FF3816D28B4214D9023ED1
:100610006144C91A46EA004638E72E46284605E7EF
:100620000646E3E61846F8E64B45A9D2B9EB0208C0
:1006300064EB0C0E0138A3E74646EAE7204694E750
:100640004046D1E7D0467BE7023B614432E7304683
:1006500009E76444023842E7704700BF014B18685D
:10066000704700BF0000002470B50D4E0D4D761B85
:10067000B61006D0002455F8043B01349847A64232
:10068000F9D1094E094D761B0CF044FDB61006D089
:10069000002455F8043B01349847A642F9D170BDB7
:1006A00054D3000854D3000858D3000854D300088A
:1006B000844641EA000313F003036DD1403A41D36D
:1006C00051F8043B40F8043B51F8043B40F8043B2C
:1006D00051F8043B40F8043B51F8043B40F8043B1C
:1006E00051F8043B40F8043B51F8043B40F8043B0C
:1006F00051F8043B40F8043B51F8043B40F8043BFC
:1007000051F8043B40F8043B51F8043B40F8043BEB
:1007100051F8043B40F8043B51F8043B40F8043BDB
:1007200051F8043B40F8043B51F8043B40F8043BCB
:1007300051F8043B40F8043B51F8043B40F8043BBB
:10074000403ABDD2303211D351F8043B40F8043B5B
:1007500051F8043B40F8043B51F8043B40F8043B9B
:1007600051F8043B40F8043B103AEDD20C3205D36B
:1007700051F8043B40F8043B043AF9D2043208D063
:10078000D2071CBF11F8013B00F8013B01D30B88D5
:1007900003806046704700BF082A13D38B078DD0B3
:1007A00010F003038AD0C3F10403D21ADB071CBF85
:1007B00011F8013B00F8013B80D331F8023B20F8EF
:1007C000023B7BE7043AD9D3013A11F8013B00F828
:1007D000013BF9D20B7803704B7843708B788370B0
:1007E00060467047830730B548D0541E002A3FD07A
:1007F000CAB2034601E0013C3AD303F8012B9D073E
:10080000F9D1032C2DD9CDB245EA05250F2C45EAA7
:10081000054536D9A4F1100222F00F0C03F1200E89
:10082000E6444FEA121C03F1100242E9045542E982
:10083000025510327245F8D10CF1010214F00C0F80
:1008400003EB021204F00F0C13D0ACF1040323F0FD
:1008500003030433134442F8045B9342FBD10CF0CE
:1008600003042CB1CAB21C4403F8012B9C42FBD1F7
:1008700030BD64461346002CF4D1F9E70346144614
:10088000BFE71A46A446E0E7002958D030B551F832
:10089000043C83B0002BA1F10404B8BFE41801901C
:1008A00000F044F9284A0198136833B1A3420DD9E6
:1008B000216804EB010C63452FD06360146003B022
:1008C000BDE8304000F034B9A34210D81A465B6846
:1008D000002BF9D1116802EB010C644519D02FD31C
:1008E0006360546003B0BDE8304000F021B9116886
:1008F00002EB010CA44516D022D8216804EB010CB0
:100900006345EDD11D685B682944C4E90013546058
:10091000D5E7236819441160D1E71D685B68294455
:10092000C4E90013CAE7246821445418A3421160A3
:10093000C5D1D3E900432144C2E90013BFE77047A2
:100940000C230360BBE700BFC0010024F8B5CD1C39
:1009500025F0030508350C2D38BF0C25002D064663
:1009600023DBA94221D8254F00F0E0F83A6822B3F2
:10097000144603E063682246FBB11C4623685B1BF8
:10098000F8D40B2B15D8636894420CBF3B605360BE
:10099000304600F0CDF804F10B00231D20F00700D5
:1009A000C21A01D01B1AA350F8BD0C2333600020DB
:1009B000F8BD23601C442560EAE77968C9B129467F
:1009C000304600F01DF8431C0CD0C41C24F0030476
:1009D000A04205D0211A304600F012F8013001D0B3
:1009E0002560D5E70C233046336000F0A1F80020E5
:1009F000F8BD304600F004F87860E0E7C00100245C
:100A000038B5074D0022044608462A6001F00EFA68
:100A1000431C00D038BD2B68002BFBD0236038BDB1
:100A2000C801002408B410B5002A9DB0044633DB89
:100A30004FF40273ADF814300291069120AB17D039
:100A4000013A4FF6FF7104920792ADF816101F9A03
:100A5000019302A900F04CF9421C01DA8B232360B8
:100A6000029B00221A701DB0BDE8104001B0704713
:100A70004FF6FF7104920792ADF816101F9A01937A
:100A800002A900F035F9431C01DA8B2323601DB065
:100A9000BDE8104001B070478B2303604FF0FF307A
:100AA000F5E700BF0CB410B51F4B00291C689CB0C3
:100AB00035DB4FF40273ADF81430029006901FAB93
:100AC00018D001394FF6FF7204910791ADF8162046
:100AD00002A91E9A0193204600F00AF9421C01DA8D
:100AE0008B232360029B00221A701CB0BDE81040CB
:100AF00002B070474FF6FF7204910791ADF81620CF
:100B000002A91E9A0193204600F0F2F8431C01DA74
:100B10008B2323601CB0BDE8104002B070478B23CC
:100B200023604FF0FF30F5E700000024704700BF5E
:100B3000704700BF2DE9F0478F689F420C461D4665
:100B4000164638D88246888910F4906F0ED108680E
:100B50003D462A46314600F023FCA2682368D21B9A
:100B60002B44A26023600020BDE8F0874B6909692F
:100B700003EB4308236808EBD878A3EB01096B1C4F
:100B80004FEA68084B444345424684BF9846424674
:100B9000430513D511465046FFF7D8FE074608B364
:100BA00021694A46FFF784FDA38923F4906343F04B
:100BB0008003A38107E008681F46CAE7504600F09B
:100BC0006BFC074650B107EB0900A8EB090327614E
:100BD000C4F81480A36020602F46BAE7216950460C
:100BE000FFF752FE0C23CAF80030A38943F04003FC
:100BF0004FF0FF30A381B7E72DE9F04F936883B042
:100C00009146002B6ED017688D6880460C460868A8
:100C1000083744E0A38913F4906F2ED0D4E904156B
:100C2000A0EB010A05EB450505EBD5750AEB0600BF
:100C30006D100130A8422A4684BF05462A465B054E
:100C400037D511464046FFF781FE00283BD052467B
:100C500021690190FFF72CFDA289019B22F490628B
:100C600042F08002A281A5EB0A0203EB0A00656153
:100C7000A260236120603546B2465946524600F0D4
:100C80008FFBA068D9F808102368451B8E1B03EB67
:100C90000A00A5602060C9F808601EB3083757E94C
:100CA00002B6002EFAD0B542AA46B3D93546B246AE
:100CB000E3E7404600F0F0FB03460028D3D121696A
:100CC0004046FFF7E1FD0C23C8F80030A38900225D
:100CD00043F040034FF0FF30A381C9E9012203B084
:100CE000BDE8F08F0020C9F8040003B0BDE8F08F24
:100CF0002DE9F04F92468A8915069DB088468146B7
:100D00001C4603D50A69002A00F0EF8000220992F0
:100D10009AF800307E4D039420228DF8292030224D
:100D20008DF82A200126002B72D0544603E014F8D7
:100D3000013F002B76D0252BF9D1B4EB0A0B74D1EF
:100D40002278002A64D000234FF0FF32CDE905233A
:100D5000049307938DF853301A93013404E0049AF6
:100D600006FA03F313430493A246052214F8011B69
:100D7000284600F0C5FA431B0028F0D1049BD80692
:100D800044BF20228DF8532019079AF8001044BF61
:100D90002B228DF853202A2954D1039A116804324A
:100DA000002903927CDB07919AF801100AF1010AED
:100DB0002E2959D0574C0322204600F0A1FA40B109
:100DC000049B001B402404FA00F0034304930AF13F
:100DD000010A1AF8011B50488DF82810062200F06D
:100DE0008FFA002862D04D4B002B52D003AA0092FC
:100DF0004B4B424604A94846AFF3008007467A1C95
:100E000006D0099B3B4409939AF80030002B8CD103
:100E1000B8F80C305B0654BF09984FF0FF301DB096
:100E2000BDE8F08FB4EB0A0BF2D05B465246414668
:100E30004846FFF77FFE0130EAD0099B22785B44E9
:100E400009937EE7A1F13002092AB1D8079B1AF86D
:100E5000011F03EB830302EB4303A1F13002092AD4
:100E6000F5D92E290793A5D19AF801102A2927D15F
:100E7000039B9AF802101A6805920433002A0AF1BB
:100E800002000393B8BF4FF0FF338246B8BF05930B
:100E900090E7039B073323F0070308330393B0E77E
:100EA000494243F00203079104937DE703AA0092AD
:100EB0001B4B424604A9484600F0CAF807469EE785
:100EC000A1F130020023092A05930AF1010A3FF635
:100ED00071AF1AF8011F03EB830302EB4303A1F187
:100EE0003002092AF5D9059364E74021FFF72EFD6A
:100EF000C8F80000C8F8100018B14022C8F8142043
:100F000004E70C23C9F800304FF0FF3087E700BF3B
:100F100010D3000818D300081CD3000800000000FC
:100F2000350B00082DE9F84F92461F460A698B6879
:100F3000DDF828909A42B8BF1A46CAF8002091F806
:100F400043300C46064613B10132CAF8002022682D
:100F500091065DD5DAF800300233CAF80030226815
:100F600012F0060F11461ED1E168CB1A002BD8BF34
:100F7000114618DD04F1190B4FF0000805E0E56893
:100F8000DAF80030ED1A45450CDD01235A463946A2
:100F90003046C847013008F10108F0D14FF0FF306A
:100FA000BDE8F88F216894F84330003B18BF012357
:100FB0008A060AD5E1185A1C302081F843002244E1
:100FC00094F8451082F84310023304F14302394685
:100FD0003046C8470130E1D0236803F00603042BF4
:100FE0001DD0A3682269934225DD4FF000089B1AAB
:100FF00098441A34002501E045451CDA01232246B5
:1010000039463046C847013005F10105F4D1C5E73E
:1010100012F0060F12D0003B18BF0123D5E7DAF813
:101020000030E1682269C91AA368934221EAE17895
:10103000DDDC0029DDDC0020BDE8F88FE168DAF8AE
:101040000030CB1A002BD8BF114693DCABE700BFB2
:101050002DE9F0470C4684B09046227E0C99074655
:10106000994604F14300002A33D0A2F15803DDB2BF
:10107000202D67D8202B65D8DFE813F0DE00640050
:101080006400640064006400640064006400640040
:101090006400A3006E0064006400640064006E00DD
:1010A000640064006400640021007F00C0006400EC
:1010B0006400AE0064007F0064006400E500236803
:1010C0001A0640F104810B6862691D1D0D601B68E2
:1010D0001A60002382462361CDF80090434603AA9C
:1010E00021463846FFF71EFF013020D023695246C3
:1010F00041463846C847013019D02368E068039E4E
:101100009B0719D5831B002B16DD04F1190A002556
:1011100004E0E068039E831BAB420DDD01235246D1
:1011200041463846C847013005F10105F1D14FF07D
:10113000FF3004B0BDE8F087B042B8BF304604B01D
:10114000BDE8F087012384F84220236104F1420ABC
:10115000002384F84330BFE723681A0602D45E06F2
:1011600000F1C1800D682A6804350D601546002A1B
:101170006BDBDFF884C10A2610E023681D0640F10E
:101180009C800B681D1D0D601D68DFF86CC16F2A07
:101190000CBF08260A26002384F843306268A26048
:1011A000002A7FDB236823F004032360002D5BD13A
:1011B000002A79D18246082E65D0A0EB0A00206172
:1011C0008AE70B680122186804330B6004F1420AB5
:1011D00084F842002261BBE70B686268181D086052
:1011E000D3F800A00021504600F08AF8002800F053
:1011F0008180A0EB0A0060602061A9E7236843F0CA
:10120000200323607822DFF8F4C084F845200A68C0
:10121000151D0D601D0643D4590641D51588DE07FE
:1012200044BF43F020032360002D44D1236823F002
:10123000200323601026AEE7582384F84530DFF8FA
:10124000B8C02368E3E72368DCE76268A2602D2169
:10125000002AC5F1000584F8431002DB23F00403E3
:101260002360DFF894C00A268246B5FBF6F306FB3E
:1012700013512A461CF801100AF8011DB2421D46FE
:10128000F3D2082E99D12368D90796D562682369CD
:101290009A4292DC30230AF8013C0AF1FF3A8CE7CB
:1012A0001568BCE7002DDFD19CF8003084F842308F
:1012B00004F1420A7FE710266DE713F0400F0B6838
:1012C00003F104050D600CBF1D681D885DE713F078
:1012D000400F0B68626903F104050D601B6814BFC1
:1012E0001A801A60F5E60A68B2F9005004320A6002
:1012F0002A463CE760687FE724D3000838D300081B
:1013000001F0FF01102A2BDB10F0070F08D010F8B6
:10131000013B013A8B422DD010F0070F42B3F6D1BA
:10132000F0B441EA012141EA014122F007047FF0D3
:1013300000070023F0E80256083C85EA010586EA2A
:10134000010685FA47F5A3FA87F586FA47F6A5FA66
:1013500087F68EB9EED1F0BC01F0FF0102F0070272
:1013600032B110F8013B013A83EA010313B1F8D11D
:101370000020704701387047002D06BF35460338FE
:10138000073815F0010F07D1013015F4807F02BF37
:10139000013015F4C03F0130F0BC0138704700BF88
:1013A00088420DD98B1883420AD900EB020CBAB1DE
:1013B000624613F801CD02F801CD9942F9D1704788
:1013C0000F2A0ED8034602F1FF3C4AB10CF1010C82
:1013D000013B8C4411F8012B03F8012F6145F9D131
:1013E000704740EA01039B0750D1A2F1100370B58A
:1013F00001F1200C23F00F0501F1100E00F1100493
:10140000AC441B095EF8105C44F8105C5EF80C5CA0
:1014100044F80C5C5EF8085C44F8085C5EF8045C18
:1014200044F8045C0EF1100EE64504F11004E9D115
:10143000013312F00C0F01EB031102F00F0400EB6B
:10144000031327D0043C24F003064FEA940C1E44F7
:101450001C1F8E465EF8045B44F8045FB442F9D169
:101460000CF1010402F0030203EB840301EB84019D
:1014700002F1FF3C4AB10CF1010C013B8C4411F824
:10148000012B03F8012F6145F9D170BD02F1FF3C3A
:1014900003469BE72246EBE7F8B51446F9B1CAB11B
:1014A00006460D4600F020F8A04202D32F463846EB
:1014B000F8BD21463046FFF749FA07460028F6D026
:1014C00022462946FFF7F4F830462946FFF7DCF9B3
:1014D0003846F8BD2746FFF7D7F93846F8BDBDE8CE
:1014E000F8401146FFF732BA51F8040C0028A0F179
:1014F0000400BCBF0B58C018704700BF00B583B0D4
:10150000174BD3F8D82042F00102C3F8D820D3F803
:10151000D83003F001030193019B002205210B2029
:1015200003F08AFD0B2003F0BDFD002205210C20F5
:1015300003F082FD0C2003F0B5FD002205210D20F3
:1015400003F07AFD0D2003F0ADFD002205210E20F1
:1015500003F072FD0E2003F0A5FD03B05DF804FB5F
:101560000044025810B51748174B036000218160F2
:10157000C1600123037441748374022343610F2209
:1015800082612C24C46102624362062383621122B9
:10159000C2620363416304238363C363082202645A
:1015A00043648264C364026543658265C265026602
:1015B0004166836604F0E6FF00B910BD00F01AFA38
:1015C000FBE700BFD001002400A0004008B5194887
:1015D000194B03604FF4407383600022C2600274B1
:1015E00042748274022343610E2181613723C361F7
:1015F000132303620323436205238362C1620363EF
:1016000040F25533436304238363C36308230364B5
:10161000122141648364C164036541658365C365C8
:1016200003664266816604F0ADFF00B908BD00F0B4
:10163000E1F9FBE77002002400A4004008B5184857
:10164000184B036000228260C2600274427482748C
:10165000022343610F2383612C21C16103620523AF
:101660004362062383621121C162036340F2AA63CD
:10167000436304238363C363082101644364816477
:10168000C364016543658165C16501664266836621
:1016900004F078FF00B908BD00F0ACF9FBE700BF2B
:1016A0001003002400D4004010B58CB00023079331
:1016B000089309930A930B930368614A934207D0F6
:1016C000604A934240D0604A93427BD00CB010BD38
:1016D0005E4A136801331360012B27D05C4BD3F8AB
:1016E000E02042F00802C3F8E020D3F8E03003F035
:1016F00008030293029B0323079302230893092301
:101700000B9307A9534805F027FA0022062113205E
:1017100003F092FC132003F0C5FC002206211520E3
:1017200003F08AFC152003F0BDFCCFE7484BD3F84B
:10173000EC2042F48072C3F8EC20D3F8EC3003F4D0
:1017400080730193019BC9E7404A1368013313601A
:10175000012B29D03E4BD3F8E02042F00202C3F81F
:10176000E020D3F8E03003F002030493049B6023ED
:1017700007930223089303230A9309230B9307A9D2
:10178000354805F0E9F900220521142003F054FC46
:10179000142003F087FC00220521162003F04CFCE6
:1017A000162003F07FFC91E7294BD3F8EC2042F49C
:1017B0008072C3F8EC20D3F8EC3003F48073039309
:1017C000039BC7E7214A136801331360012B28D01C
:1017D0001F4BD3F8E02042F00802C3F8E020D3F812
:1017E000E03003F008030693069B4FF44053079341
:1017F0000223089305240B9407A9164805F0ACF9B9
:10180000002221469F2003F017FC9F2003F04AFC92
:1018100000222146A02003F00FFCA02003F042FC90
:1018200054E70B4BD3F8EC2042F48072C3F8EC2061
:10183000D3F8EC3003F480730593059BC8E700BF31
:1018400000A0004000A4004000D40040CC010024CF
:1018500000440258000C02580004025808B500F079
:10186000A1FEFEE700B58BB00D4A00210D4801F046
:101870004DF90D4B18602422002101A8FEF7B2FF9C
:101880000A4B01934FF4005306931823079301AAC0
:101890000021074801F03AF90BB05DF804FB00BFE6
:1018A00090D100085D180008B003002478D100082A
:1018B000D1D0000870B58CB0002407940894099426
:1018C0000A940B943F4BD3F8E02042F01002C3F887
:1018D000E020D3F8E02002F010020192019AD3F840
:1018E000E02042F00402C3F8E020D3F8E02002F048
:1018F00004020292029AD3F8E02042F08002C3F878
:10190000E020D3F8E02002F080020392039AD3F89B
:10191000E02042F00202C3F8E020D3F8E02002F019
:1019200002020492049AD3F8E02042F00802C3F8BD
:10193000E020D3F8E02002F008020592059AD3F8DF
:10194000E02042F00102C3F8E020D3F8E03003F0D9
:1019500001030693069B1C4D012244F2090128460F
:1019600005F004FA4FF48043079301260896099680
:101970000A9407A9284605F0EFF80923079308966B
:10198000099403230A9307A9284605F0E5F84FF4C4
:10199000A05307934FF488130893099407A90B48A1
:1019A00005F0DAF821464FF0006003F029FB2246EB
:1019B0000621282003F040FB282003F073FB0CB025
:1019C00070BD00BF004402580008025800100258C1
:1019D0004FF0500383F31188BFF36F8FBFF34F8F26
:1019E000FEE708B50368B3F1804F00D008BD03F0EF
:1019F000E1FAFBE772B6FEE700B59DB04C2200218C
:101A000009A8FEF7EFFE2022002101A8FEF7EAFE5A
:101A1000022006F031F800230093214B9A6922F44A
:101A200040429A619B6903F440430093009B1C4B26
:101A30009B6913F4005FFAD0212309934FF480339C
:101A40000A9301220F9202231293139314932821D5
:101A500015911692179318930C23199300231A9338
:101A60001B9309A806F03AF8A8B93F230193032174
:101A700002910023039308230493402305930693C4
:101A80004FF480620792089301A806F017FC20B972
:101A90001DB05DF804FBFFF7ADFFFFF7ABFF00BF24
:101AA0000048025800B5AFB0B82200216846FEF7E2
:101AB00099FE4FF400420023CDE900230223029354
:101AC00014220392049305930693C02307934FF0C7
:101AD00000531B93684606F0B7FE10B92FB05DF8AF
:101AE00004FBFFF787FF08B503F036FAFFF784FF22
:101AF000FFF7D8FFFFF7DEFEFFF700FDFFF732FD2F
:101B0000FFF764FD00F0A4FA00F054FB00F086FB40
:101B100000F0B8FB00F00CF8FFF790FD00F006FBBA
:101B200000F0C6FFFFF79EFE00F0D4FFFEE70000C6
:101B300008B51548154B03604FF48003436000233C
:101B400083600722C2604FF0007202614FF0807222
:101B500042614FF0806282614FF08042C261036255
:101B600043628362C36242638363C3630364436407
:101B70008364C36403654365836507F07DFD00B935
:101B800008BDFFF737FFFBE7B4030024003800402F
:101B900070B5B8B004460021339134913591369137
:101BA0003791B82204A8FEF71DFE2268274B9A42FF
:101BB00001D038B070BD4FF480520023CDE904232A
:101BC00004A806F041FE00283DD1214BD3F8E820BF
:101BD00042F48042C3F8E820D3F8E82002F48042BF
:101BE0000192019AD3F8E02042F00402C3F8E02009
:101BF000D3F8E02002F004020292029AD3F8E02027
:101C000042F00202C3F8E020D3F8E03003F0020310
:101C10000393039B062333930226349600243594C2
:101C200036940525379533A90A4804F095FF4FF4FB
:101C300000533393349635943694379533A9064838
:101C400004F08AFFB5E7FFF7D5FEBEE70038004095
:101C500000440258000802580004025800B583B03E
:101C60000A4BD3F8F42042F00202C3F8F420D3F870
:101C7000F43003F002030193019B00220F216FF067
:101C8000010003F0D9F903B05DF804FB00440258E9
:101C90000F2801D90120704710B58AB004460022F0
:101CA00001461C2003F0C8F91C2003F0FBF91B4B74
:101CB0001C601B4BD3F8E82042F00102C3F8E82077
:101CC000D3F8E83003F001030093009B01A902A8B8
:101CD00006F084FC079BC3B906F05CFC0346114880
:101CE000A0FB03239B0C013B0F484FF08042026096
:101CF00040F2E732C260436000230361836008F072
:101D000073F830B101200AB010BD06F043FC430067
:101D1000E5E7054807F0C6FEF5E700BFDC00002454
:101D20000044025883DE1B433C040024FEE7FEE728
:101D3000FEE7FEE7FEE7704708B5024803F09CFFA8
:101D400008BD00BF9C05002408B5024803F094FFBD
:101D500008BD00BF1406002408B5024803F08CFF3C
:101D600008BD00BF2405002408B5024803F084FF25
:101D700008BD00BF8C06002408B5024804F05EFDD3
:101D800008BD00BFD001002408B5024804F056FD8C
:101D900008BD00BF7002002408B5024804F04EFDE3
:101DA00008BD00BFD001002408B5024804F046FD7C
:101DB00008BD00BF7002002408B5024807F0C6FE47
:101DC00008BD00BF3C04002408B5024808F04AFAE8
:101DD00008BD00BF0407002408B54FF4806004F07C
:101DE000CCFF4FF4805004F0C8FF08BD08B502488E
:101DF00005F003FB08BD00BFA41B002408B5024882
:101E000008F030FA08BD00BF2C08002408B50248CD
:101E100004F014FD08BD00BF1003002408B50248FB
:101E200004F00CFD08BD00BF1003002410B50346EC
:101E30000C4A0D490D48006840B10C480068034445
:101E4000521A934206D8094A136010BD0748084C3D
:101E50000460F2E7FEF702FC0C2303604FF0FF3052
:101E6000F3E700BF000005240004000088040024FC
:101E7000C88900242B4AD2F8883043F47003C2F892
:101E80008830294B1B6803F00F03062B06D8264A1F
:101E9000136823F00F0343F007031360234B1A6802
:101EA00042F001021A6000221A611968204A0A40B1
:101EB0001A601D4B1B6813F0080F06D01A4A1368EE
:101EC00023F00F0343F007031360184B00229A61BD
:101ED000DA611A62174999621749D9621749196379
:101EE0005A639963DA6319645A64196821F480218A
:101EF00019601A66D3F8D43013F4805F10D10B4BFD
:101F0000D3F8D42042F48052C3F8D4200C4A43F2D0
:101F1000D2011160D3F8D42022F48052C3F8D42027
:101F2000704700BF00ED00E000200052004402585E
:101F30007FEDF6EA000202020000FF0180020101CB
:101F400000400052054AD36843F00203D360034BBC
:101F50005B6813F4005FFAD0704700BF0048025876
:101F600082B00368114A934204D0114A93420FD0C1
:101F700002B070470F4BD3F8F02042F00102C3F8D3
:101F8000F020D3F8F03003F001030093009BEFE75B
:101F9000084BD3F8E82042F00202C3F8E820D3F857
:101FA000E83003F002030193019BE1E700000140E8
:101FB000000400400044025800B589B00023039398
:101FC000049305930693079303681C4A934205D034
:101FD0001B4A93421BD009B05DF804FB194BD3F8A0
:101FE000E02042F01002C3F8E020D3F8E03003F024
:101FF00010030193019B4FF40853039302230493AE
:102000000123079303A9104804F0A6FDE3E70D4B55
:10201000D3F8E02042F00202C3F8E020D3F8E03029
:1020200003F002030293029B02230393049307939A
:1020300003A9064804F090FDCDE700BF0000014071
:1020400000040040004402580010025800040258E6
:1020500010B598B000241594169417940E940F940C
:10206000109411941294139414943422214601A8CC
:10207000FEF7B8FB2B482C4B036040F2BF334360A4
:1020800084604FF6FF73C36004614461846107F0AC
:10209000DBFE002837D1002315931693179315A95B
:1020A000204807F0E9FF002830D160230E9300227A
:1020B0000F92109211921292139214920EA9194833
:1020C00007F03CFF28BB08220EA9164807F036FF90
:1020D00010BB0023019302930393049305934FF4E1
:1020E00000520692079309934FF000720A920B93E5
:1020F0000D9301A90B4808F017F880B90948FFF7BC
:102100005BFF18B010BDFFF775FCC4E7FFF772FC6A
:10211000CBE7FFF76FFCD6E7FFF76CFCD9E7FFF7DB
:1021200069FCEBE78C0400240000014000B58BB093
:102130000023079308930993009301930293039359
:102140000493059306931948194A026017224260C6
:10215000836042F20F72C26003618023836107F0E3
:1021600073FEC8B900230793099307A90F4807F026
:1021700083FFA0B96023009300230193029304938B
:102180000C226946094807F0D9FE58B90748FFF7FD
:1021900013FF0BB05DF804FBFFF72CFCE2E7FFF741
:1021A00029FCE7E7FFF726FCF0E700BFD80400248E
:1021B0000004004008B51748174B03604FF4E133A3
:1021C000436000238360C36003610C22426183612A
:1021D000C36103624362836208F0ABFE70B9002101
:1021E0000C4808F021FF60B900210A4808F041FFBF
:1021F00050B9084808F0F9FE48B908BDFFF7FAFBE6
:10220000EDE7FFF7F7FBEFE7FFF7F4FBF1E7FFF789
:10221000F1FBF2E72C0800240078004008B51748CD
:10222000174B03604FF4E133436000238360C360C6
:1022300003610C2242618361C36103624362836272
:1022400008F077FE70B900210C4808F0EDFE60B987
:1022500000210A4808F00DFF50B9084808F0C5FEF3
:1022600048B908BDFFF7C6FBEDE7FFF7C3FBEFE793
:10227000FFF7C0FBF1E7FFF7BDFBF2E7040700241F
:102280000010014008B51748174B03604FF4E133C5
:10229000436000238360C36003610C224261836159
:1022A000C36103624362836208F043FE70B9002198
:1022B0000C4808F0B9FE60B900210A4808F0D9FEC0
:1022C00050B9084808F091FE48B908BDFFF792FBE5
:1022D000EDE7FFF78FFBEFE7FFF78CFBF1E7FFF789
:1022E00089FBF2E798070024001C014070B5BAB0E2
:1022F0000446002135913691379138913991B822B1
:1023000006A8FEF76FFA2368984A934208D0984AC5
:10231000934279D0974A934200F0EA803AB070BD78
:1023200002220023CDE9062306A806F08DFA002834
:1023300061D1914BD3F8E82042F08042C3F8E82005
:10234000D3F8E82002F080420092009AD3F8E0200F
:1023500042F01002C3F8E020D3F8E03003F010039D
:102360000193019B4FF4C0733593022336930025EC
:10237000379538950723399335A9804804F0ECFB4D
:102380007F48804B03605023436040238360C560D7
:102390004FF48063036145618561C56105624562F3
:1023A00002F0C8FF50BB764BE3679C637648774BDF
:1023B00003604F23436000238360C3604FF4806257
:1023C000026143618361C3610362042242620322AA
:1023D0008262C362036302F0ADFF90B96A4BC4F836
:1023E00080309C6300220521522002F025FE5220FD
:1023F00002F058FE92E7FFF7FDFA9AE7FFF7FAFAC4
:10240000D1E7FFF7F7FAE9E701220023CDE9062338
:1024100006A806F019FA002861D1574BD3F8F0202E
:1024200042F01002C3F8F020D3F8F02002F01002BE
:102430000292029AD3F8E02042F00102C3F8E020B1
:10244000D3F8E03003F001030393039B4FF4C06320
:102450003593022336930025379538950723399312
:1024600035A94B4804F078FB4A484B4B03602923BD
:1024700043608560C5604FF4806303614561856199
:10248000C56105620423436203238362C562056359
:1024900002F050FF30BB3F4BC4F880309C633F4894
:1024A0003F4B03602A234360402383600023C360C3
:1024B0004FF48062026143618361C36103624362DE
:1024C00002F038FF88B9354BE3679C630022052191
:1024D000252002F0B1FD252002F0E4FD1EE7FFF704
:1024E00089FA9AE7FFF786FAD5E7FFF783FAEAE772
:1024F00001220023CDE9062306A806F0A5F900284D
:1025000031D11D4BD3F8F02042F08002C3F8F02007
:10251000D3F8F02002F080020492049AD3F8E0206D
:1025200042F01002C3F8E020D3F8E03003F01003CB
:102530000593059B04233593022636960024379491
:10254000389439930D4D35A9284604F005FB08232E
:1025500035933696379438940B23399335A928460A
:1025600004F0FAFADAE6FFF745FACAE70078004025
:1025700000100140001C01400044025800100258A5
:102580009C05002410000240240500244000024065
:102590000000025814060024280002408C06002483
:1025A0005800024008B501221049114809F0B5FD54
:1025B00080B910490E4809F0C7FD70B90E490C48A2
:1025C00009F06AFD60B90A4809F0D8FD58B905F06C
:1025D0007DFA08BDFFF70EFAEBE7FFF70BFAEDE720
:1025E000FFF708FAEFE7FFF705FAF0E780000024AD
:1025F000C0080024E00000246C0000240020704784
:102600000020704708B5034B1B680BB1088898473A
:10261000002008BDA01B002438B50C46074D01461C
:10262000284609F052FD284609F05BFD044B1B6863
:102630000BB120889847002038BD00BFC008002497
:102640009C1B002410B5064C00220649204609F0C8
:102650002EFD0549204609F038FD002010BD00BFC1
:10266000C00800249C1300249C0B002410B5B0B0BB
:102670000446B822002102A8FEF7B4F82268164BDF
:102680009A4201D030B010BD4FF480220023CDE932
:1026900002234FF44013239302A806F0D5F8B8B9EB
:1026A00005F014FA0D4BD3F8D82042F00072C3F8AD
:1026B000D820D3F8D83003F000730193019B002297
:1026C00005214D2002F0B8FC4D2002F0EBFCD9E7CB
:1026D000FFF790F9E4E700BF00000440004402580F
:1026E00008B500F29C41D0F8E00409F05DFD08BD9A
:1026F00008B501EBC10300EB8303D3F86022D0F8E7
:10270000E00409F023FE08BD08B501EBC10300EBAE
:1027100083031A6AD0F8E00409F07BFE08BD08B50F
:10272000D0F8E00409F0BDFD08BD10B50446C1793C
:1027300011B1022909D10121D4F8E00409F092FD78
:10274000D4F8E00409F05CFD10BDFFF753F9012156
:10275000F2E7000010B50446D0F8E00409F085FD6A
:102760002268D2F8003E43F00103C2F8003EE37A4B
:1027700023B1034A136943F00603136110BD00BF80
:1027800000ED00E008B5D0F8E00409F07DFD08BDDB
:1027900008B5D0F8E00409F0ACFD08BD08B5D0F8E4
:1027A000E00409F08FFD08BD08B5D0F8E00409F099
:1027B000B7FD08BD08B5D0F8E00409F0B3FD08BDC9
:1027C0000378012B01D00020704710B5164BC3F8D9
:1027D000E004C0F8C832154A1A6009221A710221B1
:1027E000D97100229A7159729A72DA721A739A73B5
:1027F000DA731A74184604F037FB90B90A4C4FF498
:102800000071204605F01DF980220021204605F0C8
:10281000F2F84FF4BA720121204605F0ECF80020DE
:1028200010BDFFF7E7F8E9E7A41B0024000004400F
:10283000D0F8C83211F0800F08D101F07F0101EB10
:10284000C10103EB810191F85602704701F07F014D
:1028500001EBC10103EB8101887D704708B5D0F819
:10286000C80204F005FD08BD004870478820002418
:102870007047032805D8DFE800F0050402050120B1
:1028800070470320704708B5D0F8C80204F06DFB0C
:10289000FFF7EFFF08BD08B594461A466346D0F827
:1028A000C80204F042FCFFF7E4FF08BD08B5D0F809
:1028B000C80204F080FCFFF7DCFF08BD08B5D0F8C3
:1028C000C80204F003FDFFF7D4FF08BD08B5D0F837
:1028D000C80204F03EFDFFF7CCFF08BD08B5D0F8F4
:1028E000C80204F00FFCFFF7C4FF08BD08B5D0F81C
:1028F000C80204F0C6FCFFF7BCFF08BD08B5D0F85D
:10290000C80204F090FCFFF7B4FF08BD12230B804F
:1029100000487047A000002404230B800048704743
:10292000B4000024002393421ED200B510E00CF145
:10293000370C01F813C000014FEA430C0CF1010CF5
:102940004FF0000E01F80CE00133DBB2934209D2E4
:102950004FEA107CB0F1204FE9D20CF1300C01F8B5
:1029600013C0E8E75DF804FB7047000038B50B4B77
:10297000D3F80008D3F80448D3F80838C01800D1B9
:1029800038BD074D0822A91CFFF7CCFF042205F132
:1029900012012046FFF7C6FFF2E700BF00E0F11F7B
:1029A000B800002408B51A230B80FFF7DFFF0148A9
:1029B00008BD00BFB800002408B50A4628B905497B
:1029C00005480AF03DF9034808BD024902480AF0EB
:1029D00037F9F8E7A8220024C4D1000810B50A4648
:1029E000034C214603480AF02BF9204610BD00BFD6
:1029F000A8220024DCD1000808B50A4628B90549F8
:102A000005480AF01DF9034808BD024902480AF0CA
:102A100017F9F8E7A8220024F0D1000808B50A4603
:102A200028B9054905480AF00BF9034808BD0249D1
:102A300002480AF005F9F8E7A8220024FCD10008B2
:102A4000DFF838D0FFF77EFAFFF714FA0C480D498B
:102A50000D4A002302E0D458C4500433C4188C42F9
:102A6000F9D30A4A0A4C002301E013600432A2425F
:102A7000FBD3FDF7F9FDFFF736F87047000005249A
:102A800000000024A40100245CD30008A401002459
:102A9000C4890024FEE708B54FF0E0231B6901F06C
:102AA000D3FC012800D108BD00F064FAFBE7000068
:102AB000EFF305832BB9064B186828B901221A6079
:102AC00070476FF0050070474FF0FF30704700BF50
:102AD00004290024EFF3058373B90A4B1B68012B0B
:102AE0000DD110B50024084BDC77064B02221A608A
:102AF00001F0A8F9204610BD6FF0050070474FF0B7
:102B0000FF3070470429002400ED00E0F0B587B0E5
:102B100000240594EFF3058474BB68B322B31568F1
:102B2000936903B918235C1E372C49D8546814F0F4
:102B3000010F47D156696EB14FEA960C94682CB1DB
:102B4000D7685B2F02D9176907B1C6B92CB14FF00E
:102B5000FF340EE04FF4807CF0E7D4688CB9146940
:102B600094B14FF0FF3404E01546002418234FF4CD
:102B7000807C012C0AD0ACB1059807B0F0BD0124CF
:102B8000F7E74FF0FF34F4E70024F2E714699268A6
:102B90000292019400930B466246294601F0E2F846
:102BA0000590E9E705AA019200930B461FFA8CF203
:102BB000294601F012F90128DED000230593DBE756
:102BC0000020DAE70020D8E7EFF305835BB94FF088
:102BD000E0234FF08052C3F8042DBFF34F8FBFF3B3
:102BE0006F8F002070476FF00500704708B5EFF356
:102BF000058333B908B9002008BD01F087FA002029
:102C0000FAE76FF00500F7E7F8B110B582B00C46AF
:102C100011F07F4F1CD1EFF305829AB1002201928F
:102C200001AA00F081F8B8B1019BC3B14FF0E023D5
:102C30004FF08052C3F8042DBFF34F8FBFF36F8F57
:102C4000204607E000F026F804E06FF0030070472C
:102C50006FF0030002B010BD6FF00200FAE72046EB
:102C6000F8E77047034B0360034B0B604FF480732E
:102C700013607047A8280024A8240024034B036095
:102C8000034B0B604FF4807313607047082D0024D2
:102C900008290024F8B568B10D46044611F07F47B5
:102CA00011D04FF0500383F31188BFF36F8FBFF340
:102CB0004F8FFEE74FF0500383F31188BFF36F8F00
:102CC000BFF34F8FFEE700F10C0601F009F9206910
:102CD00023682B4323600AE0216832EA010105D111
:102CE00011E0216841F0007101F016FB2846B04266
:102CF0000ED04568036823F07F4213F0806FEBD15C
:102D000021681142F2D013F0807FEAD01743E8E740
:102D1000236823EA0703236001F07CF92068F8BDEB
:102D200008B5FFF7B7FF08BD08B513460A460146C8
:102D3000014801F011FE08BD212D000800F1080333
:102D400043604FF0FF328260C36003610023036081
:102D5000704700230361704743684B609A688A603C
:102D6000516099600861036801330360704730B4B3
:102D70000D68B5F1FF3F11D000F108031C465B68F8
:102D80001A68AA42FAD963684B6099608C606160E6
:102D9000086103680133036030BC70470469F2E7DF
:102DA0000369416882688A60416851605A6882425A
:102DB00006D0002202611A68013A1A60186870474A
:102DC00082685A60F5E7000082B0002301930D4B42
:102DD0001B68B3F1FF3F08D04FF0500383F3118815
:102DE000BFF36F8FBFF34F8FFEE74FF0500383F3B6
:102DF0001188BFF36F8FBFF34F8F019B002BFCD067
:102E000002B07047D400002408480068006880F3CE
:102E100008884FF0000080F3148862B661B6BFF3F3
:102E20004F8FBFF36F8F00DF00BF000008ED00E0A1
:102E3000DFF80C00016841F4700101607047000088
:102E400088ED00E04FF0807340F8043C21F0010170
:102E500040F8081C054B40F80C3C40F8202C6FF063
:102E6000020340F8243C4438704700BFC92D0008D5
:102E7000074B19680868B0E8F04F80F30988BFF382
:102E80006F8F4FF0000080F311887047AFF3008020
:102E9000CC7D00244FF0500383F31188BFF36F8F74
:102EA000BFF34F8F0B4A136801331360012B00D01F
:102EB00070474FF0E023D3F8043D13F0FF0FF7D035
:102EC0004FF0500383F31188BFF36F8FBFF34F8F21
:102ED000FEE700BFD4000024094B1B6843B94FF044
:102EE000500383F31188BFF36F8FBFF34F8FFEE75B
:102EF000013B034A13600BB983F31188704700BF8D
:102F0000D4000024000000000000000000000000C9
:102F1000EFF30980BFF36F8F154B1A681EF0100F87
:102F200008BF20ED108A20E9F04F10602DE909005C
:102F30004FF0500080F31188BFF34F8FBFF36F8FB6
:102F400001F00AF94FF0000080F3118809BC1968FC
:102F50000868B0E8F04F1EF0100F08BFB0EC108A00
:102F600080F30988BFF36F8F704700BFAFF3008015
:102F7000CC7D002408B54FF0500383F31188BFF3D4
:102F80006F8FBFF34F8F00F0B9FF28B14FF0E023F0
:102F90004FF08052C3F8042D002383F3118808BD3D
:102FA0004FF0E022002313619361054B1B68054934
:102FB000A1FB03139B09013B536107231361704776
:102FC00064000024D34D62104FF0E023D3F8002DAD
:102FD0003D4B9A421CD04FF0E023D3F8002D3B4BE1
:102FE0009A421ED030B583B0394B1A78D2B20192D2
:102FF000FF221A701B78DBB28DF803309DF8033086
:1030000003F05003334A1370334B07221A601BE05E
:103010004FF0500383F31188BFF36F8FBFF34F8FCF
:10302000FEE74FF0500383F31188BFF36F8FBFF3B8
:103030004F8FFEE7284A1368013B13609DF8033069
:103040005B00DBB28DF803309DF8033013F0800F86
:10305000F0D1214B1B68032B08D04FF0500383F3B2
:103060001188BFF36F8FBFF34F8FFEE71B021A4A21
:10307000136003F4E0631360019BDBB2144A137026
:103080004FF0E024D4F8203D43F47003C4F8203D11
:10309000D4F8203D43F07043C4F8203DFFF780FF93
:1030A00000250E4B1D60FFF7C3FED4F8343F43F0FC
:1030B0004043C4F8343FFFF7A7FE01F04DF8FFF797
:1030C00083FE284603B030BD71C20F4170C20F416C
:1030D00000E400E0642D0024682D0024D4000024C6
:1030E000EFF305830F2B0FD9114A9B5CDBB2114A1A
:1030F00012789A4208D94FF0500383F31188BFF336
:103100006F8FBFF34F8FFEE74FF0E023D3F80C3DF6
:1031100003F4E063084A1268934208D94FF0500361
:1031200083F31188BFF36F8FBFF34F8FFEE77047B4
:10313000F0E300E0642D0024682D0024124A12F010
:10314000070F1ED0D11D21F00701C1F5A043134484
:103150000A460E480260002141601344083B23F0F8
:1031600007030B48036059601960991A5160136096
:10317000084B1960084B1960084B4FF000421A6069
:1031800070474FF4A043E4E7702D0024847D0024B1
:103190006C2D0024787D0024747D0024707D002433
:1031A000164B1A461B688342FBD3516802EB010C95
:1031B000844509D0416800EB010C634509D00360E8
:1031C000904219D010607047406801445160104629
:1031D000F0E710B40A4C2468A3420BD05B68194492
:1031E000416013681B680360904200D010605DF876
:1031F000044B70470460F7E7704700BF847D0024EC
:103200006C2D002470B5054600F06AFE3B4B1B6830
:103210009BB13B4B1B681D4212D135B1083515F0EF
:10322000070F02D025F007050835D5B1354B1B68CF
:10323000AB421AD3344A14681DE0FFF77FFFE8E77A
:1032400000F0E8FE0026FFF70CFD16F0070F53D044
:103250004FF0500383F31188BFF36F8FBFF34F8F8D
:10326000FEE700F0D7FE0026EDE700F0D3FE0026D3
:10327000E9E722461C466368AB4202D22368002B72
:10328000F7D11E4B1B68A34214D01668083623687A
:10329000136063685B1B102B14D9601910F0070FC3
:1032A0000CD04FF0500383F31188BFF36F8FBFF33F
:1032B0004F8FFEE700F0AEFE0026C4E74360656076
:1032C000FFF76EFF62680F490B689B1A0B600F498E
:1032D00009688B4201D20D490B60094B1B681343EF
:1032E0006360002323600A4A13680133136000F00F
:1032F00091FE002EA9D1A6E7304670BD6C2D0024AA
:10330000707D0024747D0024847D0024787D002459
:103310007C7D0024002834D038B50446A0F108058F
:1033200050F8043C174A1268134208D14FF050037A
:1033300083F31188BFF36F8FBFF34F8FFEE750F811
:10334000081C41B14FF0500383F31188BFF36F8F16
:10335000BFF34F8FFEE723EA020340F8043C00F07E
:10336000BFFD54F8041C084A13680B441360284638
:10337000FFF716FF054A13680133136000F04AFE99
:1033800038BD7047707D0024747D0024807D00244A
:1033900010B50446FFF77EFDA26BE36B9A4204D0A2
:1033A0000024FFF799FD204610BD0124F9E710B570
:1033B0000446FFF76FFDA36B23B90124FFF78CFDD3
:1033C000204610BD0024F9E770B504461546866B0B
:1033D000026C5AB903681BB100200136A66370BDA8
:1033E000806801F041F80023A360F6E76DB94068FA
:1033F000FDF75EF9226C636813446360A268934230
:1034000019D3236863602846E7E7C068FDF750F9E1
:10341000226C5142E3689B1AE3602268934202D215
:10342000A3680B44E360022D01D00020D5E726B14C
:10343000013E0020D1E72846CFE70020CDE7034634
:10344000026C6AB110B50846D9681144D9609C680D
:10345000A14201D31968D960D968FDF729F910BDD7
:10346000704738B50546FFF715FD95F8454064B23D
:1034700001E0013C64B2002C0ADD6B6A43B105F146
:10348000240000F003FF0028F3D000F0D7FFF0E79E
:10349000FF2385F84530FFF71FFDFFF7FBFC95F88C
:1034A000444064B201E0013C64B2002C0ADD2B69A7
:1034B00043B105F1100000F0E9FE0028F3D000F060
:1034C000BDFFF0E7FF2385F84430FFF705FD38BD69
:1034D00038B5E0B10D460446FFF7DCFC2368E26B2B
:1034E000216C01FB0230A0600020A0636360013A00
:1034F00002FB0133E360FF2384F8443084F8453055
:10350000FDB9236963B9FFF7E7FC012038BD4FF02F
:10351000500383F31188BFF36F8FBFF34F8FFEE724
:1035200004F1100000F0B2FE0028ECD04FF0E023D0
:103530004FF08052C3F8042DBFF34F8FBFF36F8F4E
:10354000E1E704F11000FFF7F9FB04F12400FFF7B5
:10355000F5FBD8E738B51D46049C0B4649B92460F5
:10356000E063236401212046FFF7B2FF84F84C504A
:1035700038BD2260F4E740B94FF0500383F311885F
:10358000BFF36F8FBFF34F8FFEE710B584B01C46BB
:1035900083B10B1E18BF0123002A08BF43F00103AB
:1035A0008BB94FF0500383F31188BFF36F8FBFF3D4
:1035B0004F8FFEE74FF0500383F31188BFF36F8FF7
:1035C000BFF34F8FFEE7B1FA81F35B09002A18BF02
:1035D00043F0010343B94FF0500383F31188BFF365
:1035E0006F8FBFF34F8FFEE750230393039B502B46
:1035F00008D04FF0500383F31188BFF36F8FBFF3F0
:103600004F8FFEE7039B012384F8463000949DF81A
:103610001830FFF79FFF204604B010BDF0B585B00D
:10362000019288B10F461D460446B1B1022D20D14A
:10363000E36B012B1DD04FF0500383F31188BFF3D0
:103640006F8FBFF34F8FFEE74FF0500383F3118866
:10365000BFF36F8FBFF34F8FFEE7036C002BE5D0F6
:103660004FF0500383F31188BFF36F8FBFF34F8F79
:10367000FEE700F0E9FE064658B9019B002B48D052
:103680004FF0500383F31188BFF36F8FBFF34F8F59
:10369000FEE700263DE02A4639462046FFF794FE25
:1036A000636A7BB948B14FF0E0234FF08052C3F812
:1036B000042DBFF34F8FBFF36F8FFFF70DFC012079
:1036C00005B0F0BD04F1240000F0E0FD0028F4D0C6
:1036D0004FF0E0234FF08052C3F8042DBFF34F8F1B
:1036E000BFF36F8FE9E7FFF7F7FB0020E8E702A8D9
:1036F00000F056FE012619E0002384F8443021E052
:10370000002384F8453023E02046FFF7AAFE00F0AE
:1037100081FCFFF7BFFBA26BE36B9A42BBD3022D88
:10372000B9D0019B002BDED0002EE0D0FFF7D4FBF8
:1037300000F0D6FBFFF7AEFB94F8442052B2B2F192
:10374000FF3FD9D094F8452052B2B2F1FF3FD7D015
:10375000FFF7C2FB01A902A800F02EFED8B920464F
:10376000FFF716FE0028CFD0019904F1100000F0F9
:1037700059FD2046FFF775FE00F04CFC0028C8D12B
:103780004FF0E0234FF08052C3F8042DBFF34F8F6A
:10379000BFF36F8FBDE72046FFF763FE00F03AFCF2
:1037A00000208DE72DE9F84390B10F4616461C46E0
:1037B0000546B1B1022C20D1EB6B012B1DD04FF08F
:1037C000500383F31188BFF36F8FBFF34F8FFEE772
:1037D0004FF0500383F31188BFF36F8FBFF34F8F08
:1037E000FEE7036C002BE5D04FF0500383F3118804
:1037F000BFF36F8FBFF34F8FFEE7FFF771FCEFF35F
:1038000011894FF0500383F31188BFF36F8FBFF31B
:103810004F8FAA6BEB6B9A4206D3022C04D0002088
:1038200089F31188BDE8F88395F845804FFA88F848
:10383000AB6B224639462846FFF7C6FDB8F1FF3F7D
:1038400006D008F101035BB285F845300120E7E7B7
:103850006B6A0BB90120E3E705F1240000F016FDC7
:1038600018B126B101203060DAE70120D8E7012045
:10387000D6E7F0B585B0019290B10F460446C1B1CC
:1038800000F0E2FD064600BB019B002B5ED04FF02E
:10389000500383F31188BFF36F8FBFF34F8FFEE7A1
:1038A0004FF0500383F31188BFF36F8FBFF34F8F37
:1038B000FEE7036C002BE3D04FF0500383F3118835
:1038C000BFF36F8FBFF34F8FFEE700263EE0394610
:1038D0002046FFF7B4FD013DA563236923B9FFF737
:1038E000FBFA012005B0F0BD04F1100000F0CEFCA1
:1038F0000028F4D04FF0E0234FF08052C3F8042D9D
:10390000BFF34F8FBFF36F8FE9E7FFF7E5FA0020B2
:10391000E8E702A800F044FD012621E0002384F836
:10392000443029E0002384F845302BE02046FFF79F
:1039300098FD00F06FFB09E02046FFF792FD00F0D4
:1039400069FB2046FFF733FD00283FD1FFF7A2FABD
:10395000A56B002DBBD1019B002BD6D0002ED8D05B
:10396000FFF7BAFA00F0BCFAFFF794FA94F8443083
:103970005BB2B3F1FF3FD1D094F845305BB2B3F105
:10398000FF3FCFD0FFF7A8FA01A902A800F014FD6D
:103990000028D1D12046FFF70AFD0028C6D00199A2
:1039A00004F1240000F03EFC2046FFF75AFD00F031
:1039B00031FB0028CAD14FF0E0234FF08052C3F80A
:1039C000042DBFF34F8FBFF36F8FBFE7002089E750
:1039D0000023072B0CD8074A52F833200AB10133D1
:1039E000F7E7044A42F8331002EBC303586070470C
:1039F000704700BF8C7D002470B504460D46164606
:103A0000FFF748FA94F844305BB2B3F1FF3F0DD0B2
:103A100094F845305BB2B3F1FF3F0BD0FFF75CFA8F
:103A2000A36B5BB12046FFF71CFD70BD002384F83B
:103A30004430EDE7002384F84530EFE7324629466D
:103A400004F1240000F006FCECE70000084B1B68C2
:103A50001B6823B9074B4FF0FF321A607047044BC5
:103A60001B68DB68DB685A68024B1A60704700BF4E
:103A7000D07D0024788200242DE9F04780460D4651
:103A800017469946089EDDF824A00A9C9200A521BD
:103A9000206BFCF7A7FE236B6FF040423A4403EB28
:103AA000820727F00707B5B34FF0000CBCF10F0FEA
:103AB0000BD815F80C2004EB0C0383F8342015F810
:103AC0000C3013B10CF1010CF0E7002384F8433003
:103AD000372E00D93726E662E66400252565201DCD
:103AE000FFF737F904F11800FFF733F92461C6F145
:103AF0003806A6616462656584F858504A464146B6
:103B00003846FFF79FF92060BAF1000F01D0CAF8DC
:103B10000040BDE8F087002384F83430D8E7000087
:103B200038B5002407E004EB840293000E481844E3
:103B3000FFF704F90134372CF5D90C4D2846FFF76F
:103B4000FDF80B4C2046FFF7F9F80A48FFF7F6F8A6
:103B50000948FFF7F3F80948FFF7F0F8084B1D6034
:103B6000084B1C6038BD00BFD87D00244C82002467
:103B70006082002484820024B08200249C8200247D
:103B8000D07D0024D47D002410B50446FFF782F9CF
:103B9000224A136801331360214B1B685BB1214B30
:103BA0001B686BB91E4B1B68DA6AE36A9A4207D836
:103BB0001B4B1C6004E01A4B1C601368012B29D0BE
:103BC000194A1368013313606364E06A174B1B687A
:103BD000984201D9154B186000EB8000211D144B51
:103BE00003EB8000FFF7B8F8FFF776F90D4B1B6881
:103BF0007BB10B4B1B68DA6AE36A9A4209D24FF039
:103C0000E0234FF08052C3F8042DBFF34F8FBFF372
:103C10006F8F10BDFFF784FFD2E700BF388200240A
:103C2000CC7D002498820024448200244882002411
:103C3000D87D002410B5044690F8593063B1012BAB
:103C400011D0022B0ED04FF0500383F31188BFF335
:103C50006F8FBFF34F8FFEE7006BFFF75BFB2046D4
:103C6000FFF758FB10BDFFF755FBFBE70F4B1B6839
:103C7000D3B110B5FFF70EF90D4BDB68DC68201DE2
:103C8000FFF78EF80B4A1368013B1360074A13686D
:103C9000013B1360FFF720F92046FFF7CBFF034BF2
:103CA0001B68002BE6D110BD704700BF3C8200248A
:103CB000B08200243882002408B5FFF7D7FF074BF5
:103CC0001B68012BF9D94FF0E0234FF08052C3F865
:103CD000042DBFF34F8FBFF36F8FEEE7D87D002425
:103CE00070B504460D46194B1E68194B1868043010
:103CF000FFF756F8B4F1FF3F14BF00230123002D56
:103D000008BF00236BB93444114B1B685C60A642AA
:103D10000ED9104B18680E4B19680431FFF727F8BD
:103D200070BD0B4B196804310B48FFF715F8F7E726
:103D30000A4B1868064B19680431FFF718F8084B4E
:103D40001B68A342ECD9064B1C60E9E7C48200243F
:103D5000CC7D0024D47D00249C820024D07D0024CE
:103D60007882002430B587B00B9C7CB10C9DB5B136
:103D70005C250495049D5C2D1AD04FF0500383F30D
:103D80001188BFF36F8FBFF34F8FFEE74FF05003E3
:103D900083F31188BFF36F8FBFF34F8FFEE74FF0B0
:103DA000500383F31188BFF36F8FBFF34F8FFEE78C
:103DB000049D0C9D2C63022485F859400024039433
:103DC000029505AC01940A9C0094FFF755FE0C98EF
:103DD000FFF7DAFE059807B030BD2DE9F04385B056
:103DE0000746884614461E469000FFF70BFA00B3BC
:103DF00081465C20FFF706FA0546B0B1C0F8309066
:103E0000E5B1002385F85930039302950D9B01938A
:103E10000C9B00933346224641463846FFF72CFE62
:103E20002846FFF7B1FE012005E04846FFF772FA89
:103E3000E6E74FF0FF3005B0BDE8F0834FF0FF300C
:103E4000F9E7000010B588B000240594069407AA8D
:103E500006A905A8FEF706FF059B0293069B0193A2
:103E600000942346079A18491848FFF77BFF184B20
:103E7000186040B100F0B0FB012806D0B0F1FF3F60
:103E800018D008B010BD0020F6E74FF0500383F3C0
:103E90001188BFF36F8FBFF34F8F0E4B4FF0FF3280
:103EA0001A600D4B01221A600C4B00221A60FFF7BA
:103EB0008BF8E6E74FF0500383F31188BFF36F8F61
:103EC000BFF34F8FFEE700BF0CD20008B93C0008DB
:103ED000748200247882002498820024C482002402
:103EE000024A136801331360704700BF4082002408
:103EF000014B1868704700BFC4820024F8B53A4BE4
:103F00001B68002B69D1394B1D6801351D60C5B98F
:103F1000374B1B681B6843B14FF0500383F3118884
:103F2000BFF36F8FBFF34F8FFEE7314A1168314BFC
:103F3000186810601960304A136801331360FFF786
:103F400085FD2E4B1B68AB423DD900272C4B1B68CF
:103F5000DB6A03EB83039A002A4B9B58012B00D9A1
:103F60000127294B1B68002B3CD001273AE0012791
:103F70001F4B1B681B6843B31D4B1B68DB68DC6869
:103F800063689D4226D3261D3046FEF709FFA36ACB
:103F90001BB104F11800FEF703FFE36A1B4A126825
:103FA000934201D9194A136003EB83039A00314607
:103FB00014481044FEF7D0FEE26A114B1B68DB6A1E
:103FC0009A42D4D2D4E70027D2E70C4B4FF0FF320D
:103FD0001A60BBE7094A1360B8E70D4A136801335A
:103FE000136000273846F8BD40820024C4820024B4
:103FF000D07D0024D47D00247C820024788200249B
:10400000CC7D0024D87D0024C8820024488200246E
:104010008082002438B5354B1B6843B94FF05003FC
:1040200083F31188BFF36F8FBFF34F8FFEE7FEF767
:1040300031FF2E4B1A68013A1A601B68002B4FD1D2
:104040002B4B1B680BB900244BE00024294B1B6849
:104050001BB3284BDB68DC6804F11800FEF7A0FEF8
:10406000251D2846FEF79CFEE06A234B1B689842FC
:1040700001D9214B186000EB800029461F4B03EB50
:104080008000FEF769FEE26A1D4B1B68DB6A9A42FC
:10409000DCD31C4B01221A60D8E70CB1FFF7D6FC29
:1040A000194B1C6884B9174B1C68D4B14FF0E0233E
:1040B0004FF08052C3F8042DBFF34F8FBFF36F8FC3
:1040C00001240EE0013C07D0FFF718FF0028F9D0CB
:1040D0000C4B01221A60F5E70B4B00221A60E2E755
:1040E0000024FEF7F9FE204638BD00BF40820024C0
:1040F000388200248482002448820024D87D002451
:10410000CC7D0024C88200248082002410B5A8B190
:104110000446104B1B6843B14FF0500383F31188E2
:10412000BFF36F8FBFF34F8FFEE7FFF7D9FE00217C
:104130002046FFF7D5FDFFF76DFF48B94FF0E023AC
:104140004FF08052C3F8042DBFF34F8FBFF36F8F32
:1041500010BD00BF4082002408B52D4B1B681BB169
:104160002C4B01221A6008BD2A4B00221A602A4BF0
:104170001B681B6B1A68B2F1A53F03D15A68B2F1F4
:10418000A53F10D0244B186819683431FDF720FC86
:10419000224B1B6803EB83018A0021498A58A2B98C
:1041A00053B1013BF6E79A68B2F1A53FEAD1DB686B
:1041B000B3F1A53FE6D1EBE74FF0500383F311884D
:1041C000BFF36F8FBFF34F8FFEE703EB83008200D7
:1041D0000A4450684068506003EB830C4FEA8C023D
:1041E0000832114488420BD003EB830291000C4A41
:1041F0000A445268D168084A1160084A1360B2E75D
:10420000406862469100064A0A445060ECE700BFED
:1042100040820024C8820024CC7D002448820024EF
:10422000D87D002458B110B50C46094A11681831E0
:10423000FEF79DFD01212046FFF752FD10BD4FF016
:10424000500383F31188BFF36F8FBFF34F8FFEE7E7
:10425000CC7D002438B570B10D4614460A4A116869
:104260001831FEF779FD0CB14FF0FF352146284695
:10427000FFF736FD38BD4FF0500383F31188BFF3CD
:104280006F8FBFF34F8FFEE7CC7D002438B5C36836
:10429000DC6824B304F118052846FEF781FD184BAD
:1042A0001B682BBB251D2846FEF77AFDE06A154BDF
:1042B0001B68984201D9134B186000EB8000294617
:1042C000114B03EB8000FEF747FDE26A0F4B1B68C2
:1042D000DB6A9A4211D901200D4B186038BD4FF0AE
:1042E000500383F31188BFF36F8FBFF34F8FFEE747
:1042F00029460848FEF730FDE7E70020EEE700BF5B
:104300004082002448820024D87D0024CC7D0024F3
:10431000C88200248482002438B51C4B1B6843B932
:104320004FF0500383F31188BFF36F8FBFF34F8FAC
:10433000FEE741F000410160C468F4B1FEF730FDD2
:10434000251D2846FEF72CFDE06A114B1B6898429C
:1043500001D90F4B186000EB800029460D4B03EB91
:104360008000FEF7F9FCE26A0B4B1B68DB6A9A429D
:1043700002D90A4B01221A6038BD4FF0500383F373
:104380001188BFF36F8FBFF34F8FFEE74082002489
:1043900048820024D87D0024CC7D0024C8820024DB
:1043A000034B1B680360034B1B684360704700BFEF
:1043B0007C820024C4820024F8B5C8B10C460546AE
:1043C000F9B1FEF767FD1B4B19686B68C81A2268C4
:1043D000B2F1FF3F26D0184E36682F68B74201D0A1
:1043E0008B4224D9824215D80023236001241AE08D
:1043F0004FF0500383F31188BFF36F8FBFF34F8FDC
:10440000FEE74FF0500383F31188BFF36F8FBFF3C4
:104410004F8FFEE75B1A134423602846FFF7C0FF67
:10442000002400E00024FEF757FD2046F8BD0124DB
:10443000F9E700BFC48200247C820024014B0122E2
:104440001A607047C8820024054B1B6833B1054BC6
:104450001B680BB100207047022070470120704795
:10446000988200244082002400283BD038B50446BE
:104470001E4B1B68834208D04FF0500383F3118812
:10448000BFF36F8FBFF34F8FFEE7036D43B94FF05C
:10449000500383F31188BFF36F8FBFF34F8FFEE795
:1044A000013B0365C16AC26C91421DD00BB1002073
:1044B00038BD051D2846FEF773FCE06CE062C0F1D4
:1044C0003803A3610A4B1B68984201D9084B186056
:1044D00000EB80002946074B03EB8000FEF73CFC15
:1044E0000120E5E7002070470020E1E7CC7D0024B3
:1044F00048820024D87D0024064B1A6813682BB923
:104500000123036023B9D368186870470023F8E7D4
:1045100000207047CC82002408B5416000619142C0
:104520000CD8D21A83699A4201D3012008BD011D1B
:104530000B4B1868FEF71BFC0020F7E79A422CBFD4
:1045400000220122994238BF00220AB10120EDE782
:10455000011D044B1868FEF70AFC0020E6E700BFC7
:10456000D0820024CC82002430B583B0FEF792FCC8
:10457000114B1B681BB1FEF7AFFC03B030BD0F4DF4
:104580002846FEF7DBFB0E4C2046FEF7D7FB0D4B13
:104590001D600D4B1C60002300930C4B0C4A102136
:1045A0000A20FEF7E8FF044B18600028E3D0094911
:1045B000FFF70EFADFE700BFF083002474830024C6
:1045C00088830024CC820024D0820024A08300248D
:1045D000D482002414D2000810B588B0FFF7C4FFBD
:1045E000124B1B68CBB100240594069407AA06A9B8
:1045F00005A8FEF743FB059B0293069B019302234C
:1046000000932346079A0A490A48FFF7ABFB0A4B77
:10461000186010B1012008B010BD4FF0500383F3B3
:104620001188BFF36F8FBFF34F8FFEE7F083002435
:104630001CD2000841490008F4830024B8B19C460C
:1046400003461848006858B300B585B00091019240
:10465000029305291CDCFFF7F7FE022810D0002387
:104660001A4669460F480068FEF7D8FF15E04FF07C
:10467000500383F31188BFF36F8FBFF34F8FFEE7B3
:104680000023069A694607480068FEF7C7FF04E062
:10469000002362466946FFF785F805B05DF804FB24
:1046A00000207047F083002470B582B01B4B1B685C
:1046B0001A6862B3DB681E68DC68251D2846FEF7B1
:1046C0006FFB236A2046984794F8283013F0040FB4
:1046D000ECD0A36933449E4207D26360246129462B
:1046E0000E4B1868FEF743FBE0E7002100910B46F4
:1046F00032462046FFF7A2FF0028D7D14FF05003E3
:1047000083F31188BFF36F8FBFF34F8FFEE7044A27
:10471000106802490860136002B070BDCC820024AA
:10472000D082002438B50546FFF7E2FB0446074B6C
:104730001B68834205D800232B60044B1C60204675
:1047400038BDFFF7B1FF01232B60F6E79C830024FF
:1047500070B582B006460D4617490968C968CC682D
:10476000201DFEF71DFB94F828C01CF0040F08D193
:104770002CF0010C84F828C0236A2046984702B028
:1047800070BDA16933462A4631442046FFF7C4FE76
:104790000028F1D0002100910B4632462046FFF759
:1047A0004DFF0028E8D14FF0500383F31188BFF389
:1047B0006F8FBFF34F8FFEE7CC82002470B582B0BD
:1047C00006460C46FFF78CFB01A8FFF7ABFF019BE9
:1047D0003BBB0546B04228BF002C19D024B1134A78
:1047E00012681268DAB901242246711B104B18684E
:1047F000FFF702F9FFF70EFCA8B94FF0E0234FF0E6
:104800008052C3F8042DBFF34F8FBFF36F8F0AE0C0
:10481000FFF700FC29463046FFF79AFF03E01C46ED
:10482000E2E7FFF7F7FB02B070BD00BFD0820024C3
:10483000F083002410B588B002E0049B002B0FDA4F
:10484000002204A93D4B1868FFF713F8002873D025
:10485000049B002BF1DA07990698059B9847ECE733
:10486000069C636913B1201DFEF79AFA03A8FFF7AF
:1048700059FF049B092BE3D8DFE803F00505053059
:1048800037500505303794F8283043F0010384F899
:104890002830059BA169024619442046FFF73CFEDB
:1048A0000028CDD0236A2046984794F8283013F08A
:1048B000040FC5D0A269002100910B46059802445F
:1048C0002046FFF7BBFE0028BAD14FF0500383F318
:1048D0001188BFF36F8FBFF34F8FFEE794F8283036
:1048E00023F0010384F82830AAE794F8283043F035
:1048F000010384F828300599A16131B103460246CD
:1049000001442046FFF708FE9AE74FF0500383F377
:104910001188BFF36F8FBFF34F8FFEE794F82830F5
:1049200013F0020F04D023F0010384F8283087E746
:104930002046FEF7EFFC83E708B010BDF0830024AB
:1049400000B583B001A8FFF7D7FD0199FFF736FF47
:10495000FFF770FFF6E7000010B584B014461A4662
:104960006FF00103009301900291039400236946C4
:1049700002480068FEF716FF04B010BDF083002463
:104980000369C268934204D88068801A0344581EA1
:1049900070479B1A581E70472DE9F8430446884615
:1049A0001646C5688768A7EB0509914509D940688F
:1049B0002844FBF77DFEBFF35F8F3544E560BDE81B
:1049C000F88340684A462844FBF772FEED1B3544E5
:1049D0002A4608EB09016068FBF76AFEBFF35F8FA8
:1049E000E560ECE72DE9F843064688461746C568BA
:1049F0004FF000091AE0641B621EB3685C1B94420E
:104A000028BF1446BC4228BF3C4670682246414637
:104A10002844FBF74DFEA144A0443F1B2544B36846
:104A2000AB420BD0BFF35F8FF5604FB13469A54245
:104A3000E1D3B268641B1444621EDEE70025F1E78F
:104A40004846BDE8F883000010B5154CA8220021A7
:104A50002046FBF7C7FE032323616361114AA2616D
:104A6000114BE3614FF4806323620023A36263620E
:104A7000E36222660D4A62661022A2662367E3663D
:104A80006367BFF35F8F06E0C3F10F020849895CDB
:104A9000034AD15401330F2BF6D9BFF35F8F10BDFA
:104AA000F883002424D20008B0840024A0840024C9
:104AB00030D20008F8B50F461646184B451C05EBDA
:104AC000450503EBC50500EB400003EBC000C46ADD
:104AD000012C11D0022C1CD014B100242046F8BDAA
:104AE0002846FFF74DFF8642F8D832463946284619
:104AF000FFF752FF3446F1E72846FFF741FF3446FF
:104B0000864228BF0446224639462846FFF744FF1E
:104B1000E4E72846FFF766FF0446DFE7F883002452
:104B2000F8B504460D461646094B1B786BB1EFF3FA
:104B300011874FF0200181F3118832462946204623
:104B4000FFF7B8FF87F31188F8BDFFF77DFFEEE7A9
:104B5000F883002410B504468268531C40688342E1
:104B600005D820688154A360E3680133E360A2683C
:104B700063689A4200D010BD21682069FFF7D0FF1A
:104B8000A368984203D04FF0FF33E360F3E70023BC
:104B9000A360F0E72DE9F84F81460F4615461E4603
:104BA000DDF828A00B9A0B464FF0010803E0B3FB99
:104BB000F5F308F10108AB42F9D2B04500D2B04696
:104BC00012F0010B15D1BAF1000F12D012F0020F42
:104BD00002D0A6B1202400E02024C24509D90AF160
:104BE000FF3A21464846FFF7B5FFD9F80C30002BB5
:104BF000F3DAD9F80C30002B25DB012404E0302453
:104C0000EBE7013E05FB04F4012EFAD8B7FBF4F301
:104C10009D42F7D900E01C46B7FBF4F304FB137781
:104C2000104AD15C4846FFF795FFD9F80C30002BAD
:104C300003DBB4FBF5F3AC42EDD2BBF1000F02D0C5
:104C4000BAF1000F01D1BDE8F88FC245FBD90AF1D6
:104C5000FF3A20214846FFF77DFFD9F80C30002BA2
:104C6000F3DAF0E744D200082DE9F04782B00646B7
:104C70008846154699460A9FDDF82CA081EAE17C1A
:104C8000ACEBE17C012402E09CFBF5FC01346545C2
:104C9000FADD4C4500D24C4637B1B8F1000F02DBCB
:104CA0001AF0040F00D0013F1AF0020F02D0B9F140
:104CB000000F03D01AF0010F00D1AFB9F368002B39
:104CC0000FDBB8F1000F1ADB1AF0040F1ED1F368E6
:104CD000002B06DB0AF00303022B1CD0F368002B29
:104CE00029DA02B0BDE8F087A742E7D9013F2021C9
:104CF0003046FFF72FFFF368002BF5DADEE7C8F147
:104D000000082D213046FFF725FFE0E72B21304634
:104D1000FFF720FFDBE7B9F1000FDFD1002FDDD077
:104D2000A742DBD9013F30213046FFF713FFF3687C
:104D3000002BF5DAD2E7CDF804A000974B462A46BF
:104D400041463046FFF726FFCBE70000F0B599B0AB
:104D500007460C46164603AB1393402314930023D7
:104D600015931790169388E00020012211E040F07F
:104D7000010001340CE040F00200013408E040F092
:104D80000400013404E040F00800013400E0002297
:104D900012B32378233B0D2BF9D801A151F823F04E
:104DA000874D00088F4D00088F4D00088F4D00087B
:104DB0008F4D00088F4D00088F4D00088F4D000863
:104DC0007F4D00088F4D00086F4D00088F4D000883
:104DD0008F4D0008774D0008002506E0013405EBF3
:104DE000850503EB4503A3F130052378A3F13002D9
:104DF000D2B2092AF2D92E2B02D00023227810E059
:104E0000013400232278A2F13001C9B20929F5D872
:104E1000013403EB830302EB4303303BF2E714F866
:104E2000012F682A18BF6C2AF9D0252A6DD020D30B
:104E3000782A1ED8582A1CD3583A202A19D8DFE8D5
:104E400002F03D18181818181818181818112718F3
:104E50001818181818181818181857181848183249
:104E600018183D0033681A1D3260197813A8FFF72F
:104E700071FE0134169B002B4CDB14F8011B00293A
:104E800048D025293FF470AF13A8FFF763FEF1E780
:104E90003268111D31601168019000950A2213A833
:104EA000FFF7E2FEE5E73268111D316011680190FD
:104EB00000950A2213A8FFF76DFEDAE73268111D8C
:104EC0003160116801900095102213A8FFF762FE6F
:104ED000CFE733681A1D32601D6815F8011B0029E1
:104EE000C7D013A8FFF736FE169B002BF5DAC0E7F4
:104EF00033681A1D32601968002301930823009358
:104F0000102213A8FFF746FEB3E7252113A8FFF7E9
:104F100021FEAEE7169B002B05DD159A32B9159AD6
:104F2000169B13441693169819B0F0BD03A9384682
:104F3000FFF7F6FDF3E700BF0EB400B582B003AB98
:104F400053F8041B019301AAFFF700FF02B05DF8BC
:104F500004EB03B07047000010B5032000F05AF8CE
:104F600003F0B2F80F498B69C3F303230E4AD35CF5
:104F700003F01F03D8408B6903F00F03D35C03F0E9
:104F80001F0320FA03F3094A1360094B18600F202E
:104F9000FCF77EFE10B10124204610BD0446FCF74C
:104FA0005DFEF9E700440258B4D10008680000240F
:104FB00064000024034B1B78034A11680B44136000
:104FC000704700BFD8000024B0880024014B186847
:104FD000704700BFB088002438B50446FFF7F6FFDD
:104FE0000546B4F1FF3F02D0044B1B781C44FFF789
:104FF000EDFF401BA042FAD338BD00BFD80000240B
:10500000034A536823EA00030B435360704700BF11
:10501000000400580649CB6823F4E0631B041B0C12
:10502000000200F4E0600343024A1A43CA6070477A
:1050300000ED00E00000FA0500B5174BDB68C3F394
:105040000223C3F1070CBCF1040F28BF4FF0040C7E
:1050500003F1040EBEF1060F14D9033B4FF0FF3EDF
:105060000EFA0CFC21EA0C0199400EFA03F322EA35
:1050700003031943002807DB0901C9B2074B195480
:105080005DF804FB0023E9E700F00F000901C9B255
:10509000034B1954F4E700BF00ED00E000E400E02A
:1050A00014ED00E0002807DB00F01F024009012397
:1050B0009340024A42F82030704700BF00E100E010
:1050C00003682749274A934218BF8B422FD01832D2
:1050D00093422CD01832934229D01832934226D0D2
:1050E0001832934223D01832934220D01832934280
:1050F0001DD002F55672934219D01832934216D041
:105100001832934213D01832934210D0183293427F
:105110000DD0183293420AD01832934207D0183279
:10512000934204D023F0FF038365806D704710B471
:10513000D9B210390C4AA2FB0142C2F302120B4C45
:10514000A25CC2655F2907D9094A1A400432826508
:10515000806D5DF8044B7047054A1A408265F7E799
:105160001000024028000240ABAAAAAA54D20008AC
:1051700000FCFFFF83699BB9836A012B0AD0022BD5
:1051800002D00BB100207047C36A13F0807F2AD190
:1051900000207047C36AB3F1C07F26D0002070475B
:1051A000B3F5005F0AD0836A022B26D9032B26D1E0
:1051B000C36A13F0807F24D100207047836A032BD9
:1051C00003D8DFE803F01404140A00207047C36A10
:1051D00013F0807F0DD100207047C36AB3F1C07F08
:1051E00009D000207047012070470120704701203E
:1051F0007047012070470120704701207047002050
:10520000704701207047000003682249224A9342F8
:1052100018BF8B4228D01432934225D014329342C7
:1052200022D0143293421FD0143293421CD0143235
:10523000934219D01432934216D0DAB2103A174979
:10524000A1FB0212120916491944A8291FD9154BAE
:1052500013449B000366144B436602F01F020123B4
:1052600003FA02F282667047DBB2083B0F4AA2FBE8
:1052700003230F4A02EB1312920002660D4A4266A4
:10528000C3F30413012202FA03F383667047083262
:10529000DDE700BF085402581C540258ABAAAAAA62
:1052A000F0FBFDBF0082001080080240CDCCCCCCCA
:1052B000009600168058025801794A1E072A2CD8F9
:1052C00030B40368154D164CA34218BFAB4218D03A
:1052D0001434A34215D01434A34212D01434A34280
:1052E0000FD01434A3420CD01434A34209D0143488
:1052F000A34206D00B4B0B449B00C3660A4B0367CB
:1053000005E00A4B0B449B00C366094B036701236E
:1053100003FA02F2426730BC7047704708540258E3
:105320001C5402583F820010400902403F9600166C
:105330004059025870B50446FFF748FE002C00F0B3
:10534000B381054623685349534A934218BF8B42A1
:105350000CBF0122002250D030318B424DD0183189
:105360008B424AD018318B4247D018318B4244D0FF
:1053700018318B4241D018318B423ED001F5567125
:105380008B423AD018318B4237D018318B4234D00F
:1053900018318B4231D018318B422ED018318B42CC
:1053A0002BD018318B4228D018318B4225D03B4965
:1053B0003B4A934218BF8B4200F02E81394A9342F8
:1053C00000F02A811432934200F026811432934275
:1053D00000F022811432934200F01E811432934275
:1053E00000F01A811432934200F016814023636565
:1053F000032384F8353001204AE0022184F8351077
:10540000002184F834107ABB274A93422CD01832FA
:10541000934229D01832934226D01832934223D097
:105420001832934220D0183293421DD002F55672A2
:10543000934219D01832934216D01832934213D0A7
:105440001832934210D0183293420DD01832934242
:105450000AD01832934207D01832934204D01A6807
:1054600022F001021A6003E01A6822F001021A60B9
:1054700023681A6812F0010F18D0FFF7A7FD431B2D
:10548000052BF5D920236365032384F835300120EB
:1054900070BD00BF100002402800024008540258AE
:1054A0001C54025830540258400002401A687F4889
:1054B0001040A168E2680A4321690A4361690A430E
:1054C000A1690A43E1690A43216A0A430243616A06
:1054D000042900F096806168A1F12905A1F13F003F
:1054E000032888BF052D0AD9A1F14700012806D954
:1054F000A1F14F00032802D97439032901D842F4DD
:1055000080121A602668756925F00705636A1D43D5
:10551000042B08D1A36A1D43E36A23B12046FFF799
:1055200029FE002872D175612046FFF7C9FDE36DA1
:1055300003F01F023F239340836023685C495D4A68
:10554000934218BF8B4242D0183293423FD0183258
:1055500093423CD01832934239D01832934236D01D
:105560001832934233D01832934230D002F556723B
:1055700093422CD01832934229D01832934226D02D
:105580001832934223D01832934220D018329342DB
:105590001DD0183293421AD01832934217D0464A7F
:1055A000934214D01432934211D0143293420ED04D
:1055B000143293420BD01432934208D014329342E7
:1055C00005D01432934202D01432934213D12046B4
:1055D000FFF71AFEA368802B59D0236E22791A6038
:1055E000636EA26E5A606368013B072B52D9002399
:1055F000E3662367636700206065012384F8353024
:1056000046E7E16A206B01430A4364E74023636590
:10561000012084F835003BE7022284F8352000227F
:1056200084F834201A6825491140A268402A2CD0F9
:10563000802A27D00022E06842EAD002206942EAAC
:10564000D002606942EAD002A06942EAD002E06971
:1056500042EAD002206A42EA10120A431A60226823
:10566000174B1344174AA2FB03231B099B00E36556
:105670002046FFF725FDE26D02F01F0101228A405E
:1056800042605AE74FF48042D5E71022D3E7002367
:105690006360A2E72046FFF70FFEE36E00221A6068
:1056A000236F626F5A60A6E70120F1E63F8010FE8B
:1056B0001000024028000240085402580F00FEFF6C
:1056C000F8ABFDA7CDCCCCCC70B50446FFF77EFC83
:1056D000002C00F09181054694F83530DBB2022BA6
:1056E00006D080236365002384F83430012070BD28
:1056F00023688C498C4A934218BF8B4230D01832B1
:1057000093422DD0183293422AD01832934227D098
:105710001832934224D01832934221D01832934247
:105720001ED002F5567293421AD01832934217D007
:105730001832934214D01832934211D01832934247
:105740000ED0183293420BD01832934208D0183240
:10575000934205D01A6822F00E021A60266809E00A
:105760001A6822F01E021A602268536923F080032F
:105770005361266823686B496B4A934218BF8B427A
:1057800042D0183293423FD0183293423CD0183264
:10579000934239D01832934236D01832934233D0E4
:1057A0001832934230D002F5567293422CD0183200
:1057B000934229D01832934226D01832934223D0F4
:1057C0001832934220D0183293421DD0183293429F
:1057D0001AD01832934217D0544A934214D014323C
:1057E000934211D0143293420ED0143293420BD014
:1057F0001432934208D01432934205D014329342AB
:1058000002D01432934204D1226E136823F48073C1
:10581000136023684349444A934218BF8B422FD0F8
:10582000183293422CD01832934229D01832934226
:1058300026D01832934223D01832934220D0183207
:1058400093421DD002F55672934219D018329342FA
:1058500016D01832934213D01832934210D0183217
:1058600093420DD0183293420AD01832934207D097
:105870001832934204D01A6822F001021A6003E041
:105880001A6822F001021A60336813F0010F0ED07B
:10589000FFF79CFB431B052BF6D9202363650323ED
:1058A00084F83530002384F8343001201FE7236862
:1058B0001C491D4A934218BF8B4239D0183293427B
:1058C00036D01832934233D01832934230D0183247
:1058D00093422DD0183293422AD01832934227D0C7
:1058E00002F55672934223D01832934220D01832D8
:1058F00093421DD0183293421AD01832934217D0D7
:105900001832934214D01832934211D01832934275
:105910000ED0A16DE36D03F01F02012393404B6095
:105920000DE000BF10000240280002400854025859
:10593000A16DE36D03F01F023F2393408B6023684A
:105940002E492F4A934218BF8B4242D018329342BD
:105950003FD0183293423CD01832934239D018329B
:10596000934236D01832934233D01832934230D01B
:1059700002F5567293422CD01832934229D0183235
:10598000934226D01832934223D01832934220D02B
:10599000183293421DD0183293421AD018329342D3
:1059A00017D0184A934214D01432934211D01432B3
:1059B00093420ED0143293420BD01432934208D04B
:1059C0001432934205D01432934202D014329342DF
:1059D0000BD1636EA26E5A60E36E33B11A6822F483
:1059E00080721A60236F626F5A60012384F8353029
:1059F000002084F834007AE6012078E610000240A6
:105A00002800024008540258002800F0298108B5F7
:105A1000024690F83530DBB2022B03D08023436579
:105A2000012008BD0368904890498B4218BF83420B
:105A30000CBF0121002166D03030834263D0183082
:105A4000834260D0183083425DD0183083425AD0F0
:105A50001830834257D01830834254D000F5567026
:105A6000834250D0183083424DD0183083424AD000
:105A70001830834247D01830834244D018308342D4
:105A800041D0183083423ED0183083423BD0196851
:105A900021F00E0119601368A0F5956073498B42DF
:105AA00018BF83426AD072498B4267D018318B424B
:105AB00064D018318B4261D018318B425ED01831DE
:105AC0008B425BD018318B4258D001F556718B4216
:105AD00054D018318B4251D018318B424ED01831EE
:105AE0008B424BD018318B4248D018318B4245D075
:105AF00018318B4242D018318B423FD0196821F0C7
:105B0000010119603EE0042082F8350081BB584A4B
:105B100093422DD0183293422AD01832934227D084
:105B20001832934224D01832934221D01832934233
:105B30001ED002F5567293421AD01832934217D0F3
:105B40001832934214D01832934211D01832934233
:105B50000ED0183293420BD01832934208D018322C
:105B6000934205D01A6822F001021A60002058E71B
:105B70001A6822F001021A60002052E7196821F029
:105B8000010119601368384838498B4218BF8342B5
:105B900042D018318B423FD018318B423CD0183163
:105BA0008B4239D018318B4236D018318B4233D0EA
:105BB00018318B4230D001F556718B422CD0183100
:105BC0008B4229D018318B4226D018318B4223D0FA
:105BD00018318B4220D018318B421DD018318B42A6
:105BE0001AD018318B4217D022498B4214D014316D
:105BF0008B4211D014318B420ED014318B420BD01A
:105C000014318B4208D014318B4205D014318B42B1
:105C100002D014318B4217D1116E0B6823F48073BC
:105C20000B60906DD36D03F01F0101238B40436027
:105C3000536E916E5960D36E33B1196821F480713F
:105C40001960136F516F5960012382F835300023BA
:105C500082F83430136D2BB1104698470020E0E6EF
:105C6000012070470020DCE61000024028000240BE
:105C70004000024008540258F0B583B004460023A7
:105C800001937D4B1D687D4BA3FB0535AD0A876DE8
:105C90003E68D7F800C0036879497A48834218BF44
:105CA0008B420CBF0120002061D0774A93425ED026
:105CB000183293425BD01832934258D01832934234
:105CC00055D01832934252D0183293424FD002F539
:105CD000567293424BD01832934248D018329342B6
:105CE00045D01832934242D0183293423FD01832F6
:105CF00093423CD01832934239D01832934236D076
:105D00006249634A934218BF8B4212D0614A934260
:105D10000FD0143293420CD01432934209D0143273
:105D2000934206D01432934203D01432934240F08F
:105D300061821A68E16D01F01F010420884010EAB9
:105D40000C0F00F0A78212F0040F00F0A38278601D
:105D500012F4004F00F05A8212F4803F40F050825B
:105D6000A36C002B00F046822046984742E2E26D89
:105D700002F01F0108228A40324241D070BB424AE1
:105D800093422BD01832934228D01832934225D018
:105D90001832934222D0183293421FD018329342C5
:105DA0001CD002F55672934218D01832934215D087
:105DB0001832934212D0183293420FD018329342C5
:105DC0000CD01832934209D01832934206D01832C0
:105DD000934203D01A68C2F3C00202E01A68C2F309
:105DE00080026AB11A6822F004021A60E36D03F0BF
:105DF0001F0208239340BB60636D43F0010363659A
:105E0000E26D02F01F0226FA02F313F0010F47D0F1
:105E100023681B481B498B4218BF83423CD0183172
:105E20008B4239D018318B4236D018318B4233D067
:105E300018318B4230D018318B422DD018318B4223
:105E40002AD001F556718B4226D018318B4223D0CF
:105E500018318B4220D018318B421DD018318B4223
:105E60001AD018318B4217D018318B4214D0183108
:105E70008B4211D01B6813E064000024B5814E1BD7
:105E8000100002402800024040000240085402581E
:105E90001C540258305402585B6913F0800F3BD1F8
:105EA000E36D03F01F03042202FA03F3334240D0F0
:105EB0002268964896498A4218BF824235D01831E6
:105EC0008A4232D018318A422FD018318A422CD0DF
:105ED00018318A4229D018318A4226D018318A4294
:105EE00023D001F556718A421FD018318A421CD046
:105EF00018318A4219D018318A4216D018318A4294
:105F000013D018318A4210D018318A420DD018317E
:105F10008A420AD013680CE0012303FA02F2BA6045
:105F2000636D43F002036365BAE7126812F0020F73
:105F30003DD1E36D03F01F03102202FA03F3334255
:105F40005FD02268714872498A4218BF824234D0B9
:105F500018318A4231D018318A422ED018318A4203
:105F60002BD018318A4228D018318A4225D01831D6
:105F70008A4222D001F556718A421ED018318A42D7
:105F80001BD018318A4218D018318A4215D01831E6
:105F90008A4212D018318A420FD018318A420CD06E
:105FA00018318A4209D01268C2F3800208E0BB604F
:105FB000636D43F004036365BBE71268C2F3C0027C
:105FC000FAB1BB6023681A6812F4802F0DD01B68E9
:105FD00013F4002F04D1236C9BB12046984710E0A6
:105FE000A36C73B1204698470BE01A6812F4807FC7
:105FF00003D11A6822F008021A60236C0BB1204604
:106000009847E36D03F01F03202202FA03F33342A3
:1060100000F0928022683D483D498A4218BF824282
:106020002ED018318A422BD018318A4228D018310C
:106030008A4225D018318A4222D018318A421FD094
:1060400018318A421CD001F556718A4218D0183195
:106050008A4215D018318A4212D018318A420FD0A4
:1060600018318A420CD018318A4209D018318A423C
:1060700006D018318A4203D01268C2F3400202E00F
:106080001268C2F30012002A56D0BB6094F8353073
:10609000DBB2042B0ED023681A6812F4802F39D09B
:1060A0001B6813F4002F2CD1636C002B44D02046C6
:1060B000984741E02268136823F0160313602268B2
:1060C000536923F080035361236CB3B122681368D2
:1060D00023F008031360E36D03F01F023F23934096
:1060E000BB60012384F83530002384F83430236DFD
:1060F000002B7FD0204698477CE0A36C002BE5D195
:10610000E9E7E36BC3B12046984715E01000024071
:10611000280002401A6812F4807F09D11A6822F020
:1061200010021A60012384F83530002384F83430DB
:10613000E36B0BB120469847636D002B5AD0636D1B
:1061400013F0010F52D0042384F8353023689649A8
:10615000964A934218BF8B422FD0183293422CD0CC
:106160001832934229D01832934226D018329342E3
:1061700023D01832934220D0183293421DD002F51A
:106180005672934219D01832934216D01832934265
:1061900013D01832934210D0183293420DD01832D7
:1061A00093420AD01832934207D01832934204D057
:1061B0001A6822F001021A6003E01A6822F0010254
:1061C0001A60019B01330193AB4204D823681B681A
:1061D00013F0010FF5D123681B6813F0010F0BD0EA
:1061E000032384F83530002384F83430E36C0BB19A
:1061F0002046984703B0F0BD012384F83530F2E71C
:10620000236C002BF6D020469847F3E712F0200FBE
:106210003AD123686449654A934218BF8B422FD014
:10622000183293422CD01832934229D0183293421C
:1062300026D01832934223D01832934220D01832FD
:1062400093421DD002F55672934219D018329342F0
:1062500016D01832934213D01832934210D018320D
:1062600093420DD0183293420AD01832934207D08D
:106270001832934204D01A6822F004021A6003E034
:106280001A6822F008021A60236C002BB2D0204654
:106290009847AFE70220884010EA0C0F60D012F058
:1062A000020F5DD0786012F4004F0ED012F4803FE0
:1062B00005D1636C002B9DD0204698479AE7E36B8D
:1062C000002B97D02046984794E712F0200F40D13A
:1062D00023683549354A934218BF8B422FD0183274
:1062E00093422CD01832934229D01832934226D0B0
:1062F0001832934223D01832934220D0183293425E
:106300001DD002F55672934219D01832934216D01E
:106310001832934213D01832934210D0183293425D
:106320000DD0183293420AD01832934207D0183257
:10633000934204D01A6822F00A021A6003E01A6835
:1063400022F014021A60012384F83530002384F807
:106350003430E36B002B3FF44DAF2046984749E7BC
:10636000082000FA01F111EA0C0F3FF443AF12F0DC
:10637000080F3FF43FAF1A6822F00E021A60E36D77
:1063800003F01F03012202FA03F37B60626584F8C5
:106390003520002384F83430E36C002B3FF42AAF1F
:1063A0002046984726E700BF100002402800024020
:1063B00030B4446B0368D3F884106F4A114041EA4B
:1063C0008401C3F884100368D3F8841021F47F019A
:1063D000856B41EA0541C3F88410836B234404684C
:1063E000D4F88810114041EA8301C4F88810046889
:1063F000D4F8881021F4FE01C56B41EA0541C4F8C8
:106400008810C16B03EB41030468D4F8A01011405D
:1064100041EA8301C4F8A0100468D4F8A01021F464
:10642000FE01056C41EA0541C4F8A010016C446C02
:1064300004FB01330468D4F8B010114041EA830131
:10644000C4F8B0100468D4F8B01021F4FE01856CD3
:1064500041EA0541C4F8B010816CC46C04FB0133FF
:106460000468D4F8AC10114041EA8301C4F8AC10C0
:10647000016D446D04FB01330468D4F8F010114041
:1064800041EA8301C4F8F0100468D4F8F01021F454
:106490007C11856D41EA0541C4F8F010816D03EB74
:1064A00041030468D4F8C0100A4042EA8303C4F8E8
:1064B000C0300268D2F8C03023F47C13C16D43EAC7
:1064C0000143C2F8C0300268D2F8C03023F07C53D8
:1064D000016E43EA0163C2F8C030436B274A1A4495
:1064E0009200C266836B02EB83030367C16B03EB0D
:1064F000C1034367016C446C04FB01F103EB8103AE
:106500008367816CC46C04FB01F103EB8103C367F7
:10651000016D446D04FB01F103EB8103C0F8803091
:10652000816D03EBC103C0F88430816EC46D01FB43
:1065300004FC03EB8C03C0F88830046E04FB01F10B
:1065400003EB8103C0F890300D498B420DD9D0F890
:106550009C3043F02003C0F89C30032380F898302F
:10656000012007E0002342F8043BD0F8903093422A
:10657000F8D8002030BC70470300FFFF002B00104C
:10658000FCD3004030B595B004464C22A04901A888
:10659000FAF78EF8002C00F0388123689D4A934268
:1065A00020D094F898300BB32268936923F010033D
:1065B0009361FEF70BFD054623689A6912F0080FF8
:1065C0001AD0FEF703FD431B0A2BF5D9D4F89C30F3
:1065D00043F00103C4F89C30032384F89830012071
:1065E00015B030BD03F580736360DAE784F8993045
:1065F0002046FBF759F8D7E79A6942F001029A6101
:10660000FEF7E4FC054623689A6912F0010F0FD1EA
:10661000FEF7DCFC401B0A28F5D9D4F89C3043F087
:106620000103C4F89C30032384F898300120D7E795
:106630009A6942F002029A61237C012B40D02268C1
:10664000936943F040039361637C012B3ED0226841
:10665000936923F480439361A37C012B3CD022688F
:10666000936943F4805393612268936923F44073E0
:10667000A1680B4393612268936923F0A40393619B
:106680002268136923F010031361E368012B29D0FA
:10669000002B2CD0022B00F09B802268936943F0E2
:1066A000800393612268136943F010031361E36868
:1066B000032B1CD12268936943F02003936116E0F9
:1066C0002268936923F040039361BDE722689369D0
:1066D00043F480439361BFE72268936923F48053B6
:1066E0009361C1E72268936943F004039361A3694E
:1066F0005A1EE369013B1B0243EA4263226A013AE4
:1067000013436269013A216843EA0243CB61A368FB
:10671000B3F5407F62D0236E33B12268D2F8C03027
:10672000616E0B43C2F8C030E36D226ED3420DD0D0
:106730002168D1F8C83023F00703A26E14A800EB3B
:10674000820252F84C2C1343C1F8C830236C6BB151
:106750002168D1F8BC3023F00703626C14A800EB69
:10676000820252F84C2C1343C1F8BC30A36C73B1B5
:106770002168D1F8BC3023F07003E26C14A800EB60
:10678000820252F84C2C43EA0213C1F8BC30236D4C
:1067900073B12168D1F8BC3023F4E063626D14A8B2
:1067A00000EB820252F84C2C43EA0223C1F8BC30C1
:1067B0002268184B9A4222D00023C4F89430C4F8BF
:1067C0009C30012384F898302046FFF7F1FD07E75D
:1067D0002268936943F02003936188E7A36A013B31
:1067E000E26A013A43EA0223226B013A43EA0213C6
:1067F000626A013A216843EA0243CB608BE7626830
:10680000936823F003039360D6E70120E8E600BF16
:106810002CD1000800A000407047704770477047B7
:1068200070477047704770477047704770477047B0
:106830007047704770477047704700002DE9F04F70
:1068400083B00446B04B1A695B699B0703EA827305
:10685000019303681A6D02F4704A5A6D0AEA020A3B
:106860001A6D02F00F095A6D09EA02091A6D02F059
:10687000F0085A6D08EA02081E6D06F071565A6D4E
:1068800016401F6D07F060775A6D17405D6DD3F8A5
:1068900050B015F4807F02D01BF4807F64D115F4D2
:1068A000806F02D01BF4806F67D1019B002B74D1E5
:1068B000BAF1000F7CD1B9F1000F40F08580B8F13A
:1068C000000F40F08D8015F4006F03D01BF4006FB3
:1068D00040F0928015F4007F03D01BF4007F40F05D
:1068E000968015F4002F03D01BF4002F40F09F80FA
:1068F00015F4803F03D01BF4803F40F0A38015F4D3
:10690000802F03D01BF4802F40F0A78015F4003FA8
:106910000FD01BF4003F0CD023684FF400321A65EF
:10692000794B00221A61D4F89C3043F08003C4F8FC
:106930009C30002F40F09C804EB123681E65B20F42
:10694000714B1A61D4F89C301E43C4F89C602268D5
:106950006E4B9A4200F09680D4F89C30002B40F0A9
:10696000F78003B0BDE8F08F4FF480721A65664B74
:1069700000221A61FFF75AFF91E72368D3F8DC1071
:10698000D3F8E4204FF4806018655F4B0020186155
:1069900011402046FFF746FF87E7236800221A656B
:1069A00001998A0F584B1A612046FFF735FF7FE7A0
:1069B0002368C3F850A04FEA9A72534B1A615146AC
:1069C0002046FFF72AFF76E72368C3F850904FEA86
:1069D00099724D4B1A6149462046FFF71FFF6EE73B
:1069E0002368C3F850804FEA9872474B1A614146BA
:1069F0002046FFF714FF66E723684FF400621A652C
:106A0000414B00221A612046FFF70AFF62E7236824
:106A1000D3F8D810D3F8E0204FF4007018653A4B43
:106A20000020186111402046FFF7FBFE59E723685C
:106A30004FF400221A65344B00221A612046FFF7FA
:106A4000F2FE55E723684FF480321A652E4B002280
:106A50001A612046FFF7E8FE51E723684FF48022D1
:106A60001A65294B00221A612046FFF7DEFE4DE72A
:106A700023681F65BA0F244B1A6139462046FFF779
:106A8000D7FE59E763689A6812F0030F3FF464AFCA
:106A9000196A01F00F015A6A186A00F03008586A42
:106AA00008EA00081F6A07F4C077586A07401E6AA0
:106AB00006F4FC46586A06401D6A05F4F025586A3B
:106AC0000540D3F82490D3F820A0114020D1B8F18C
:106AD000000F22D119F0400F02D01AF0400F24D13C
:106AE0007FBB36B163681E62D4F89C301E43C4F885
:106AF0009C60002D3FF430AF63681D62D4F89C3079
:106B00001D43C4F89C5027E700A8004000A00040A7
:106B100019622046FFF78DFED9E76368C3F820802D
:106B200041462046FFF786FED4E76368D96BDA6BEF
:106B30004020186202F03F02090C2046FFF77BFE5E
:106B4000CEE763681F6239462046FFF775FEC8E747
:106B50002046FFF76CFE04E7F0B583B000236BE03E
:106B600085685E000324B44025EA0405CC68B4407F
:106B70002C438460446824EA0C0C4C68C4F3001471
:106B80009C4044EA0C04446068E0DD08083550F895
:106B9000256003F007044FEA840C0F2404FA0CF478
:106BA00026EA040E0C6904FA0CF444EA0E0440F8D8
:106BB00025406BE0092400E0002404FA0EF42C4385
:106BC0000CF1020C664D45F82C404FF0B04425689E
:106BD000D44325EA02064F6817F4801F01D042EA29
:106BE00005064FF0B0452E606D6804EA05064F6853
:106BF00017F4001F01D042EA05064FF0B0456E6061
:106C0000D5F8845004EA05064F6817F4003F01D018
:106C100042EA05064FF0B045C5F88460D5F88050CB
:106C20002C404E6816F4803F01D042EA05044FF034
:106C3000B042C2F8804001330A6832FA03F400F02F
:106C40008C804FF0010C0CFA03FC1CEA0202F2D01B
:106C50004C6804F00304013C012C81D94C6804F019
:106C60000304032C0CD0C4685D004FF0030C0CFA35
:106C700005FC24EA0C0C8C68AC4044EA0C04C460AB
:106C80004C6804F00304022C3FF47FAF04684FEA21
:106C9000430E4FF0030C0CFA0EFC24EA0C0C4C686B
:106CA00004F0030404FA0EF444EA0C0404604C6893
:106CB00014F4403FBFD02B4CD4F8F45045F00205FB
:106CC000C4F8F450D4F8F44004F002040194019C98
:106CD0004FEA930C0CF10205214C54F8255003F0B7
:106CE00003044FEA840E0F2404FA0EF425EA040587
:106CF0001D4CA0423FF460AF04F58064A0421ED05A
:106D000004F58064A0421CD004F58064A0421AD02F
:106D100004F58064A04218D004F58064A04216D027
:106D200004F58064A04214D004F58064A04212D01F
:106D300004F50064A0423FF43DAF0A243DE701247E
:106D40003BE7022439E7032437E7042435E7052429
:106D500033E7062431E707242FE703B0F0BD00BF77
:106D60000004005800440258000002580AB1816132
:106D70007047090481617047704708B54FF0B04310
:106D8000D3F88830034200D108BD4FF0B043C3F8B8
:106D90008800FFF7F1FFF7E72DE9F04383B0D0F863
:106DA000008001EBC10300EB83039A6A5B6A9A429D
:106DB00054D807460C469B1A01EBC10200EB820235
:106DC000D2699A4200D31A4602F103094FEA99099F
:106DD00015E006F103094FEA9909BB7904EBC405F4
:106DE00007EB8505296A0093B3B2E2B2404604F08E
:106DF0009EFC2B6A33442B62AB6A3344AB6208EBD4
:106E0000441303F510639B699BB24B4512D304EB0B
:106E1000C40207EB8202916A536A99420AD24BB1CB
:106E20005B1A04EBC40207EB8202D6699E42D0D300
:106E30001E46CEE704EBC40007EB80077A6ABB6A04
:106E40009A420FD804F00F040123A340D8F8344825
:106E500024EA0304C8F83448002000E0012003B00D
:106E6000BDE8F0830020FAE730B583B000287AD07F
:106E7000044690F89534ABB1032384F89534206828
:106E800004F00CFA237C8DF80030231D0ECB206813
:106E900004F03AF958B1022384F8953401252846C4
:106EA00003B030BD80F89434FBF7E0FBE4E7002149
:106EB000206804F05DFE024608B9034617E002238D
:106EC00084F895340125EAE703EBC30104EB810163
:106ED000012048750B75CB8500200876C8610862D3
:106EE00003EBC30104EB810148620133DBB220797B
:106EF0009842E9D816E002EBC20304EB83030021B9
:106F000083F8551283F8542283F85812C3F85C12A0
:106F1000C3F8601202EBC20304EB8303C3F86412EC
:106F20000132D2B29042E6D8237C8DF80030231D86
:106F30000ECB206804F008FA054658B900236374A4
:106F4000012384F89534237B012B08D0206804F0BA
:106F5000CCFDA4E7022384F8953401259FE7204661
:106F600000F074FDF2E7012599E7036890F8942496
:106F7000012A1AD010B50446012280F89424DA6858
:106F800012F0400F02D0427B012A09D0206804F0A1
:106F90007FF9206804F09BFD002084F8940410BD64
:106FA0009A6B42F480329A63F0E702207047000047
:106FB00070B504460D460068066C00EB411303F5FE
:106FC00030639A68A179012911D038498E4256D090
:106FD0003DB905EBC50304EB8303D3F86432002B02
:106FE0005ED0E9B22046FBF783FB002070BD12F0B3
:106FF000080F09D02E498E42F7D912F4004FF4D071
:107000004FF400429A60F0E712F0200F02D02022E5
:107010009A60EAE712F0280FE7D125498E4206D997
:1070200012F4004F03D04FF400429A60DDE705EB05
:10703000C50204EB8202D2F874121B69C3F3120377
:10704000CB1AC2F868327DB905EBC50204EB8202A7
:10705000D2F864226AB105EBC50204EB8202D2F8D1
:1070600060120B44C2F86032E9B22046FBF740FBE5
:10707000BBE704F29C42012104F0BCFDF4E712F4EA
:10708000004F03D04FF400429A60AEE712F0200F99
:1070900001D020229A60E9B22046FBF729FBA4E741
:1070A00004F29C42002104F0A5FD9AE70A31544FF6
:1070B0000A30544F38B5044603681D6C03EB411386
:1070C000D3F8081B0E4A954207D903F5306311F433
:1070D000004F02D04FF400429A602046FBF700FBBD
:1070E000074B9D4202D9A379012B01D0002038BD66
:1070F00004F29C420121206804F07CFDF6E700BF09
:107100000A30544F90F89434012B0CD010B504463B
:10711000012380F894344174006804F0C8FC002016
:1071200084F8940410BD0220704738B505468C469B
:1071300011F0800F2BD101F00F0E0EEBCE04A40046
:1071400004F514740444211D0EEBCE0E00EB8E0EDC
:1071500000208EF855020CF00F0C81F800C0C2F32D
:107160000A028A600B714A780AB1A1F81AC0022B90
:107170001CD095F89434012B1BD0012385F894344E
:10718000286804F0B7F9002085F8940438BD01F0B0
:107190000F0000EBC001890010312944043100EBDD
:1071A000C00005EB800001244475D4E700234B7137
:1071B000DFE70220EAE710B504460A4611F0800F27
:1071C00020D101F00F0000EBC0039B0003F5147306
:1071D0002344191D00EBC00004EB8000002380F85D
:1071E000553202F00F020A7094F89434012B18D033
:1071F000012384F89434206804F0CAF9002084F84C
:10720000940410BD01F00F0000EBC0039B0010338D
:107210002344191D00EBC00004EB800001234375DB
:10722000DFE70220EDE710B5144601F00F0C0CEB80
:10723000CC01890001F51471014404310CEBCC0E32
:1072400000EB8E0ECEF86022CEF864320023CEF82A
:1072500068328EF855328EF854C28279012A04D0F1
:10726000006804F07BFA002010BDCEF87042F7E70A
:1072700001F00F0101EBC10100EB8101D1F86802BF
:10728000704710B5144601F00F0C0CEBCC018900CF
:107290001031014404310CEBCC0E00EB8E0ECEF815
:1072A0002020CEF824300023CEF8283001238EF899
:1072B00015308EF814C082799A4204D0006804F028
:1072C0004DFA002010BDCEF83040F7E738B501F098
:1072D0000F050279AA4238D304460B4611F0800FFD
:1072E0001FD101EBC101890001F514710144043182
:1072F00003EBC30300EB8303002283F85522012331
:107300008B700D7094F89434012B20D0012384F8F5
:107310009434206804F070FB85B1002084F8940454
:1073200038BD05EBC501890010310144043105EB7E
:10733000C50300EB830301225A75E0E704F29C4287
:10734000A179206804F056FCE7E70120E8E7022075
:10735000E6E701F00F0302799A4230D310B50446F4
:1073600011F0800F1ED103EBC301890001F51471E8
:107370000144043103EBC30200EB8202002082F8D7
:10738000550200228A700B7094F89434012B18D0A7
:10739000012384F89434206804F05BFB002084F817
:1073A000940410BD03EBC301890010310144043182
:1073B00003EBC30200EB820201205075E1E70120DC
:1073C00070470220EDE708B511F0800F0CD101F0F5
:1073D0000F0101EBC101890001F514710144043171
:1073E000006804F045F908BD01F00F0101EBC1018F
:1073F0008900103101440431F2E72DE9F04F83B0E8
:1074000004460568284604F0AFFB10B103B0BDE8A0
:10741000F08F0646206804F076FB0028F6D005F5CC
:107420000067BB68C3F30D23C4F8D434206804F0AC
:107430006AFB10F0020F04D02268536903F00203C4
:107440005361206804F05FFB10F0100F14D0226825
:10745000936923F010039361D5F8208008F00F0999
:10746000C8F34343022B69D0062B00F08D802268BD
:10747000936943F010039361206804F044FB10F417
:10748000002F40F09380206804F03DFB10F4802F23
:1074900040F0FC80206804F036FB0028C0F27D81BB
:1074A000206804F030FB10F4006F09D0BB6813F0C3
:1074B000010F40F08A812268536903F4006353612D
:1074C000206804F020FB10F0006F15D0226853698B
:1074D00003F00063536194F8CC34002B40F07981C1
:1074E000012184F8CC1423685B6DC3F38303C4F8D3
:1074F000D034204600F0BEFA206804F004FB10F4FB
:10750000805F40F06A81206804F0FDFA10F4005FAB
:1075100040F0B681206804F0F6FA10F0080F40F051
:10752000C781206804F0EFFA10F0800F00F0DA81D4
:10753000AB6923F08003AB610126C3E147F6F0732A
:1075400018EA030F93D04FEA181B4FEAC9030193BF
:1075500009EBC90A04EB8A0AC8F30A12DAF86012C6
:10756000284604F01FFACBF30A0BDAF860325B44CA
:10757000CAF86032019B4B4404EB8303D3F86832B2
:107580005B44CAF8683272E7082204F29C4128463C
:1075900004F008FAC8F30A1809EBC90204EB8202E6
:1075A000D2F868324344C2F8683260E7206804F0D9
:1075B000AEFA8046B14635E005EB49130122C3F827
:1075C000082B49462046FFF7F3FC3CE005EB491346
:1075D0000822C3F8082B49462046FFF76BFD35E02B
:1075E00009EBC90304EB830393F85732012B41D015
:1075F00005EB49130222C3F8082B1AF0200F04D020
:1076000005EB49132022C3F8082B1AF4005F05D0BC
:1076100005EB49134FF40052C3F8082B09F1010997
:107620004FEA5808B8F1000F3FF42DAF18F0010FE2
:10763000F4D05FFA89FB5946206804F078FA824654
:1076400010F0010FB8D11AF0080FBFD11AF0100FC7
:1076500004D005EB49131022C3F8082B1AF0020FCF
:10766000CBD06B6913F0800FBAD07B6843F4806392
:107670007B60B5E709EBC90304EB8303002283F8C1
:10768000572259462046FBF783F8B1E7206804F0FB
:1076900046FA8046B14625E059462046FBF734F8C5
:1076A0001AF0080F04D005EB49130822C3F8082983
:1076B0001AF0100F04D005EB49131022C3F8082963
:1076C0001AF0400F04D005EB49134022C3F80829F3
:1076D0001AF0020F40D11AF0800F59D109F10109B7
:1076E0004FEA5808B8F1000F3FF4D4AE18F0010F7C
:1076F000F4D05FFA89FB5946206804F021FA8246EB
:1077000010F0010FCCD009F00F03012101FA03F2B0
:107710007B6B23EA02037B6305EB4913C3F808196B
:10772000A3798B42B8D109EBC90304EB8303D96970
:107730001A6A0A441A62B9F1000FADD109EBC90304
:1077400004EB83035B6A002BA6D104F29C42012167
:10775000206804F04FFA9FE74946284603F0A4FD4D
:1077600009EBC90304EB8303DB7D012B05D005EB9B
:1077700049130222C3F80829ADE709EBC90304EB5A
:1077800083030022DA7559462046FBF707F8EEE737
:1077900049462046FFF700FBA0E77B6823F0010382
:1077A0007B6094F8CC34012B08D02046FAF7EAFF2E
:1077B0002268536903F00043536171E6002184F8A5
:1077C000CC14204600F056F9F2E72046FAF7C2FF43
:1077D00071E62046FAF7BEFF8EE67B6823F00103D0
:1077E0007B601021206803F05FFD1AE005EB461373
:1077F0004FF67F31C3F80819D3F8002922F400129C
:10780000C3F80029C3F8081BD3F8002B22F4001298
:10781000C3F8002BD3F8002B42F00062C3F8002B12
:1078200001362379B342E1D8FB6943F00113FB61D0
:10783000E37BDBB1D7F8843043F00B03C7F8843027
:107840007B6C43F00B037B64D5F8003823F4FE63B4
:10785000C5F8003804F29C42A179206804F0CAF906
:107860002268536903F4805353614CE67A6942F20B
:107870002B0313437B613B6943F00B033B61E3E75D
:10788000206804F0A7F9206803F024FEE071266860
:1078900000F05EFE0146E279304603F087FC2046A8
:1078A000FAF743FF2268536903F40053536131E64A
:1078B0002046FAF734FF2268536903F00803536146
:1078C0002FE601362379B3420CD906EBC60304EB4D
:1078D000830393F85732012BF3D1F1B22046FFF71F
:1078E00072FDEEE7206804F00EF910F4801F25D138
:1078F000206804F008F910F4001F58D0012326E096
:1079000001362379B3421BD905EB4613D3F800297E
:1079100006EBC60304EB83031B7E012BF0D1002A88
:10792000EEDA06EBC60304EB83030122DA7566F098
:107930007F01C9B22046FFF746FDE1E70126E0E7F7
:107940002268536903F480135361D1E7013322792C
:107950009A4227D905EB4312D2F8001B03EBC3026E
:1079600004EB820292F85822012AEFD10029EDDAC5
:10797000D4F8D42482EA114212F0010FE6D103EBCD
:10798000C30204EB8202012182F85712AA6942F075
:107990008002AA616A6912F0800FD7D17B6843F434
:1079A00000737B602268536903F4001353612068FD
:1079B00004F0A9F810F0804F10D1206804F0A3F86B
:1079C00010F0040F3FF422AD23685D6815F0040F3A
:1079D0000DD1226853682B43536017E52046FAF710
:1079E000E3FE2268536903F080435361E5E72046D4
:1079F000FAF7E0FEEDE710B40468606A31B940EAD6
:107A00000240A06200205DF8044B70478C46A36AD8
:107A100000EB1340002308E003F1400104EB810177
:107A2000496800EB11400133DBB20CF1FF318B42AE
:107A3000F2D340EA02400CF13F0104EB81014860BF
:107A4000E0E70368596200207047000003460268BF
:107A50000121C0F8D814002083F8CC04936943F0C6
:107A600000639361516D024B0B435365704700BF38
:107A70000300001070470000134BDB6813F0040F85
:107A800007D1114BDB6803F0070383421AD00120B2
:107A9000704710B50C4AD36823F007031843D06031
:107AA000FDF794FA0446084B5B6813F4005F07D1B6
:107AB000FDF78CFA001BB0F57A7FF4D9012000E0C5
:107AC000002010BD0020704700480258024AD368C9
:107AD00043F08073D360704700480258002800F0DC
:107AE000D78238B50446036813F0010F25D0A04AA9
:107AF000136903F03803926A102B15D0182B0FD09E
:107B00006368B3F5803F3FD0002B53D1984B1A6880
:107B100022F480321A601A6822F480221A6038E057
:107B200002F00302022AEBD1914B1B6813F4003FD1
:107B300003D06368002B00F0AD82236813F0020FBE
:107B400000F088808A4A1369926A13F038035AD089
:107B5000182B55D0E368002B00F0A98084490A68EF
:107B600022F0190213430B60FDF730FA0546804BF3
:107B70001B6813F0040F40F09180FDF727FA401BBB
:107B80000228F4D903208CE2794A136843F4803345
:107B9000136063682BB3FDF719FA0546744B1B6835
:107BA00013F4003FC9D1FDF711FA401B6428F5D941
:107BB000032076E2B3F5A02F09D06D4B1A6822F4AA
:107BC00080321A601A6822F480221A60E1E7684B5A
:107BD0001A6842F480221A601A6842F480321A60ED
:107BE000D7E7FDF7F3F90546614B1B6813F4003F37
:107BF000A3D0FDF7EBF9401B6428F5D9032050E230
:107C000012F0030FA6D15A4B1B6813F0040F03D0D8
:107C1000E368002B00F04082554A136823F01903F3
:107C2000E1680B431360FDF7D1F90546504B1B6823
:107C300013F0040F06D1FDF7C9F9401B0228F5D94E
:107C400003202EE24A4A536823F0FE43216943EAA7
:107C500001635360236813F0100F51D0444A136935
:107C600003F03803926A082B39D0182B33D0E3691C
:107C7000002B69D03E4A136843F080031360FDF780
:107C8000A5F905463A4B1B6813F4807F53D1FDF7E5
:107C90009DF9401B0228F5D9032002E2344A5368BB
:107CA00023F0FE43216943EA01635360D2E7304A7F
:107CB000136823F001031360FDF788F905462C4B88
:107CC0001B6813F0040FC5D0FDF780F9401B022894
:107CD000F5D90320E5E102F00302012AC7D1244BC4
:107CE0001B6813F4807F03D0E369802B40F0D681BA
:107CF0001F4AD36823F07C53216A43EA0163D360AF
:107D0000236813F0080F49D06369002B32D0184A5A
:107D1000536F43F001035367FDF758F90546144BC1
:107D20005B6F13F0020F39D1FDF750F9401B0228A9
:107D3000F5D90320B5E10E4AD36823F07C53216ABC
:107D400043EA0163D360DBE7094A136823F0800349
:107D50001360FDF73BF90546054B1B6813F4807F64
:107D6000CED0FDF733F9401B0228F5D9032098E166
:107D7000004402589D4A536F23F001035367FDF7F7
:107D800025F90546994B5B6F13F0020F06D0FDF7FE
:107D90001DF9401B0228F5D9032082E1236813F066
:107DA000200F29D0A3699BB1904A136843F48053F4
:107DB0001360FDF70BF905468C4B1B6813F4005F4D
:107DC0001AD1FDF703F9401B0228F5D9032068E119
:107DD000864A136823F480531360FDF7F7F80546CD
:107DE000824B1B6813F4005F06D0FDF7EFF8401BD1
:107DF0000228F5D9032054E1236813F0040F21D1A0
:107E0000636A002B00F04C81784A126902F0380254
:107E1000182A00F0F380022B75D0744A136823F0FF
:107E200080731360FDF7D2F80446704B1B6813F0A3
:107E3000007F00F0D880FDF7C9F8001B0228F4D9B4
:107E400003202EE16A4A136843F480731360FDF740
:107E5000BDF80546664B1B6813F4807F06D1FDF71D
:107E6000B5F8401B6428F5D903201AE1A368012B5B
:107E70000AD00BBB5D4B1A6F22F001021A671A6F12
:107E800022F004021A6704E0584A136F43F001031A
:107E90001367A36833B3FDF799F80546534B1B6F7F
:107EA00013F0020FACD1FDF791F8401B41F288337B
:107EB0009842F3D90320F4E0052B09D04B4B1A6FFD
:107EC00022F001021A671A6F22F004021A67E0E733
:107ED000464B1A6F42F004021A671A6F42F0010211
:107EE0001A67D6E7FDF772F80546404B1B6F13F093
:107EF000020F85D0FDF76AF8401B41F288339842A3
:107F0000F3D90320CDE0394A136823F0807313605E
:107F1000FDF75CF80546354B1B6813F0007F06D073
:107F2000FDF754F8401B0228F5D90320B9E02F4B88
:107F3000996A304A0A40A16AE06A41EA00110A439C
:107F40009A62226B013AC2F30802616B013949025D
:107F500089B20A43A16B0139090401F4FE010A4305
:107F6000E16B0139090601F0FE410A431A63DA6A3E
:107F700022F00102DA62596B1F4A0A40A16C42EA00
:107F8000C1025A63DA6A22F00C02216C0A43DA62F7
:107F9000DA6A22F00202616C0A43DA62DA6A42F4B7
:107FA0008032DA62DA6A42F40032DA62DA6A42F481
:107FB0008022DA62DA6A42F00102DA621A6842F07A
:107FC00080721A60FDF702F80446084B1B6813F034
:107FD000007F06D1FCF7FAFF001B0228F5D9032029
:107FE0005FE000205DE000205BE000BF004402583D
:107FF000004802580CFCFFFF0700FFFF30498A6A67
:10800000086B012B4ED002F00303A16A8B424BD1C7
:10801000C2F30512E36A9A4248D1C0F30802236B07
:10802000013B9A4244D1C0F34622636B013B9A4222
:1080300040D1C0F30642A36B013B9A423CD1C0F34E
:108040000660E36B013B984238D11D4B5B6BC3F379
:10805000CC03A26C9A4201D1002022E0184AD36AD4
:1080600023F00103D362FCF7B1FF0546FCF7AEFF36
:10807000A842FBD0124A516B124B0B40A16C43EA51
:10808000C1035363D36A43F00103D362002008E0C5
:1080900001207047012004E0012002E0012000E0FF
:1080A000002038BD0120FCE70120FAE70120F8E7B5
:1080B0000120F6E70120F4E70120F2E70120F0E7D4
:1080C000004402580700FFFF744B1B6903F038039C
:1080D000102B00F0DE80182B10D00BB170487047C9
:1080E0006E4B1B6813F0200F00F0D5806B4B1868A7
:1080F000C0F3C1006B4B23FA00F0704710B4674A1D
:10810000916A01F00301946AC4F30510D36A03F085
:10811000010C536BC3F3CC030CFB03F307EE903A53
:10812000F8EE677A14F47C7F00F09380012965D023
:10813000022900F09180E1B107EE100AF8EE476ADB
:108140009FED596A86EE267A544B1B6BC3F30803E6
:1081500006EE903AF8EE666A9FED546A67EE867A0C
:1081600076EEA77AF7EE006A77EEA67A27EE277A00
:1081700060E0136813F0200F23D011461268C2F399
:10818000C102484BD34007EE103AF8EE476A07EEBB
:10819000100AB8EE476A86EE867A0B6BC3F30803C3
:1081A00006EE903AF8EE666A9FED406A67EE867AD0
:1081B00076EEA77AF7EE006A77EEA67A27EE277AB0
:1081C00038E007EE100AF8EE476A9FED396A86EE4E
:1081D000267A324B1B6BC3F3080306EE903AF8EE97
:1081E000666A9FED326A67EE867A76EEA77AF7EED8
:1081F000006A77EEA67A27EE277A1BE007EE100AD0
:10820000F8EE476A9FED286A86EE267A234B1B6BB1
:10821000C3F3080306EE903AF8EE666A9FED236A10
:1082200067EE867A76EEA77AF7EE006A77EEA67AA0
:1082300027EE277A194B1B6BC3F34623013307EE56
:10824000903AF8EE677AC7EE276AFCEEE67A17EE08
:10825000900A5DF8044B704707EE100AF8EE476A83
:108260009FED146A86EE267A0C4B1B6BC3F3080352
:1082700006EE903AF8EE666A9FED0C6A67EE867A33
:1082800076EEA77AF7EE006A77EEA67A27EE277ADF
:10829000D0E7094870470348704700BF00440258C0
:1082A00000093D000090D0030024744A000000390A
:1082B0000024744C001BB74B00366E01002800F000
:1082C000328170B50D4604469B4B1B6803F00F03CB
:1082D0008B420BD2984A136823F00F030B431360B1
:1082E000136803F00F038B4240F01F81236813F0E3
:1082F000040F0CD02269914B9B6903F070039A42E2
:1083000005D98E498B6923F070031A438A6123686B
:1083100013F0080F0CD06269884BDB6903F070031F
:108320009A4205D98549CB6923F070031A43CA6183
:10833000236813F0100F0CD0A269804BDB6903F4A3
:10834000E0639A4205D97D49CB6923F4E0631A437F
:10835000CA61236813F0200F0CD0E269774B1B6AC7
:1083600003F070039A4205D974490B6A23F0700335
:108370001A430A62236813F0020F0CD0E2686F4BB5
:108380009B6903F00F039A4205D96C498B6923F06E
:108390000F031A438A61236813F0010F41D0674A23
:1083A000936923F47063A1680B4393616368022BA4
:1083B0000AD0032B27D0012B2CD0604A126812F070
:1083C000040F06D10120ADE0126812F4003F00F066
:1083D000AE805A490A6922F0070213430B61FCF789
:1083E000F5FD0646554B1B6903F038036268B3EB95
:1083F000C20F16D0FCF7EAFD801B41F28833984289
:10840000F0D903208EE04D4A126812F0007FE0D1CF
:10841000012087E0494A126812F4807FD9D10120F7
:1084200080E0236813F0020F0CD0E268434B9B6995
:1084300003F00F039A4205D240498B6923F00F03E2
:108440001A438A613C4B1B6803F00F03AB420AD905
:10845000394A136823F00F032B431360136803F0AA
:108460000F03AB4265D1236813F0040F0CD02269CF
:10847000324B9B6903F070039A4205D22F498B69F6
:1084800023F070031A438A61236813F0080F0CD09D
:1084900062692A4BDB6903F070039A4205D22749CF
:1084A000CB6923F070031A43CA61236813F0100FDD
:1084B0000CD0A269214BDB6903F4E0639A4205D238
:1084C0001E49CB6923F4E0631A43CA61236813F0A1
:1084D000200F0CD0E269194B1B6A03F070039A421B
:1084E00005D216490B6A23F070031A430A62FFF79C
:1084F000EBFD12498B69C3F30323114AD35C03F0EC
:108500001F03D8408B6903F00F03D35C03F01F03F4
:1085100020FA03F30B4A13600B4B18600B4B1868DF
:10852000F9F7B6FB70BD012070470120FAE7012082
:10853000F8E70120F6E700BF00200052004402588F
:10854000B4D100086800002464000024DC0000248A
:1085500008B5FFF7B9FD0B4A9369C3F303230A4932
:10856000CB5C03F01F0320FA03F3926902F00F02C1
:10857000885C00F01F0023FA00F0044A1060044AEF
:10858000136008BD00440258B4D1000868000024FC
:108590006400002408B5FFF7DBFF054BDB69C3F37C
:1085A0000213044AD35C03F01F03D84008BD00BF88
:1085B00000440258B4D1000808B5FFF7C9FF054BC5
:1085C000DB69C3F30223044AD35C03F01F03D840E2
:1085D00008BD00BF00440258B4D100083F23036027
:1085E000114B1A6902F0070242609A6902F4706244
:1085F00082609A6902F00F02C2609A6902F070020A
:108600000261DA6902F070024261DA6902F4E06242
:1086100082611B6A03F07003C361044B1B6803F0A3
:108620000F030B60704700BF004402580020005247
:10863000404B9B6A03F00303032B79D070B50546CA
:108640000E463C4A136823F080631360FCF7BEFCBF
:108650000446384B1B6813F0006F06D0FCF7B6FCDD
:10866000031B022BF5D9032070BD324B9A6A22F40A
:108670007C32296842EA01329A626A68013AC2F39E
:108680000802A9680139490289B20A43E968013937
:10869000090401F4FE010A4329690139090601F0C0
:1086A000FE410A439A63DA6A22F0C00269690A430A
:1086B000DA62DA6A22F02002A9690A43DA62DA6A27
:1086C00022F01002DA62D96B1B4A0A40E96942EAD9
:1086D000C102DA63DA6A42F01002DA62C6B91A46F7
:1086E000DB6A43F40023D362124A136843F08063C9
:1086F0001360FCF76BFC04460E4B1B6813F0006F15
:1087000014D1FCF763FC001B0228F5D90320ABE76A
:10871000012E05D0074AD36A43F40013D362E3E77E
:10872000044AD36A43F48013D362DDE700209BE759
:1087300001207047004402580700FFFF404B9B6A2E
:1087400003F00303032B79D070B505460E463C4A6F
:10875000136823F080531360FCF738FC0446384B51
:108760001B6813F0005F06D0FCF730FC031B022BE4
:10877000F5D9032070BD324B9A6A22F07C722968C9
:1087800042EA01529A626A68013AC2F30802A96891
:108790000139490289B20A43E9680139090401F43F
:1087A000FE010A4329690139090601F0FE410A4325
:1087B0001A64DA6A22F4406269690A43DA62DA6AA0
:1087C00022F40072A9690A43DA62DA6A22F480723A
:1087D000DA62596C1B4A0A40E96942EAC1025A64EA
:1087E000DA6A42F48072DA62C6B91A46DB6A43F486
:1087F0008003D362124A136843F080531360FCF77E
:10880000E5FB04460E4B1B6813F0005F14D1FCF728
:10881000DDFB001B0228F5D90320ABE7012E05D0B4
:10882000074AD36A43F08073D362E3E7044AD36A0A
:1088300043F40003D362DDE700209BE7012070478B
:10884000004402580700FFFFF8B50446036813F020
:10885000006F30D0436EB3F5001F26D00ED8EBB1B9
:10886000B3F5801F07D102210830FFF7E1FE05466E
:1088700045B12E4621E0012635461EE0B3F5401FE6
:1088800009D100259F4A136D23F44013616E0B43F9
:108890001365002611E0012635460EE0994AD36A99
:1088A00043F40033D3620025ECE702212830FFF7C0
:1088B00045FF0546DCE700263546236813F4807F34
:1088C00027D0A36D042B20D8DFE803F0031118088C
:1088D00008008C4AD36A43F40033D362C5B9894A8D
:1088E000136D23F00703A16D0B43136511E0002105
:1088F00004F10800FFF79CFE0546EFE7002104F1B4
:108900002800FFF71BFF0546E8E70126354600E093
:108910002E46236813F4806F22D0D4F8A430B3F528
:10892000800F3FD00DD8BBB3B3F5001F06D1002197
:1089300004F10800FFF77CFE054608E001263546F5
:108940000EE0B3F5000F02D0B3F5200F1ED185BBAA
:108950006C4A936D23F46003D4F8A4100B43936521
:10896000236813F4006F39D0D4F8A830B3F1007F36
:108970005AD023D8002B51D0B3F1807F1BD10021D6
:1089800004F10800FFF754FE05461DE0B3F5C00FE3
:10899000DDD001263546E3E75A4AD36A43F4003373
:1089A000D362D4E7002104F12800FFF7C7FE054693
:1089B000CDE72E46D4E7012635460FE0B3F1806FB0
:1089C00002D0B3F1A06F23D1002D34D14D4A936D65
:1089D00023F0E063D4F8A8100B439365236813F0E9
:1089E000007F31D0E36C202B42D029D833B1102B3B
:1089F00023D1444AD36A43F40033D362002D3ED1DD
:108A0000404AD36C23F03003E16C0B43D3641BE08A
:108A1000B3F1407FD8D001263546DFE7394AD36A23
:108A200043F40033D362CFE7002104F12800FFF7BD
:108A300085FE0546C8E72E46D0E70126354603E009
:108A4000302BDBD001263546236813F4805F3BD002
:108A5000E36DB3F5005F2FD016D83BB3B3F5805F5D
:108A60000FD1002104F10800FFF7E2FD054611E0F7
:108A7000022104F10800FFF7DBFD0546BEE72E46A4
:108A8000E2E7012635461FE0B3F5405F02D0B3F5BB
:108A9000804F08D1BDB91B4A136D23F4E043E16D4B
:108AA0000B43136510E0012635460DE0154AD36AE5
:108AB00043F40033D362EDE7002104F12800FFF70F
:108AC0003DFE0546E6E72E46236813F4005F29D0F5
:108AD000236EB3F5003F44D019D843B1B3F5803FBE
:108AE00012D1012104F10800FFF7A2FD0546002D77
:108AF0003ED1044A136D23F4E023216E0B4313652A
:108B000010E000BF00440258012635460AE0B3F5E4
:108B1000802FECD0B3F5A02FE9D0B3F5403FE6D0DD
:108B200001263546236813F4804F31D0D4F8AC3099
:108B3000B3F1005F45D020D843B1B3F1805F19D1C4
:108B4000012104F10800FFF773FD0546002D3FD118
:108B50008F4A936D23F0E043D4F8AC100B43936538
:108B600016E0012104F12800FFF7E8FD0546BEE705
:108B70002E46D7E7012635460AE0B3F1804FE5D00F
:108B8000B3F1A04FE2D0B3F1405FDFD0012635460C
:108B9000236813F4004F09D0E36EB3F1805F19D05E
:108BA000B3F1005F24D0D3B101263546236813F01A
:108BB000807F33D0A36C032B5BD8DFE803F0272240
:108BC0005327012104F12800FFF7B8FD0546BDE752
:108BD0002E46DDE76E4AD36A43F40033D36275B99B
:108BE0006B4A136D23F04053E16E0B431365DDE7D1
:108BF000012104F10800FFF71BFD0546EFE72E46B3
:108C0000D4E7634AD36A43F40033D362A5BB604A16
:108C1000D36C23F00303A16C0B43D364236813F4D8
:108C2000800F2BD1236813F0010F00F0A380A36FF6
:108C3000282B00F29D80DFE803F08B9B9B9B9B9B86
:108C40009B9B859B9B9B9B9B9B9B949B9B9B9B9B91
:108C50009B9B8B9B9B9B9B9B9B9B8B9B9B9B9B9B84
:108C60009B9B8B00022104F10800FFF7E1FC054605
:108C7000CCE701263546D1E72E46CFE7454A1368B3
:108C800043F480731360FCF7A1F90746414B1B685E
:108C900013F4807F05D1FCF799F9C01B6428F5D93E
:108CA0000325002D4AD13A4B1B6FD4F8B020534016
:108CB00013F4407F0CD0364B1A6F22F44072196FB8
:108CC00041F480311967196F21F4803119671A67EF
:108CD000D4F8B030B3F5807F15D08DBBD4F8B03068
:108CE00003F44072B2F5407F1ED0294A136923F481
:108CF0007C53136126490B6FD4F8B020C2F30B02EA
:108D000013430B678EE7FCF761F90746204B1B6F97
:108D100013F0020FE1D1FCF759F9C01B41F288337F
:108D20009842F3D90325D8E71948026922F47C5206
:108D3000194901EA131313430361DBE72E4671E778
:108D40002E466FE7012104F10800FFF771FC05468C
:108D5000E5B90F4A536D23F03803A16F0B435365F8
:108D600008E0012104F12800FFF7E8FC0546EFE7E1
:108D700001263546236813F0020F1DD0636F052BC3
:108D80002ED8DFE803F0110B261111112E46F1E762
:108D90000044025800480258CFFFFF00012104F1AF
:108DA0000800FFF745FC0546EDB9A94A536D23F0CD
:108DB0000703616F0B435365236813F0040F23D03F
:108DC000D4F89030052B45D8DFE803F0150F3D159A
:108DD0001515012104F12800FFF7B0FC0546E3E773
:108DE00001263546E8E72E46E6E7012104F10800B2
:108DF000FFF71EFC054685BB954A936D23F00703DC
:108E0000D4F890100B439365236813F0200F34D0EF
:108E1000D4F88C30B3F1005F4ED023D843B1B3F116
:108E2000805F1CD1002104F10800FFF701FC05461A
:108E3000002D48D1864A536D23F0E043D4F88C10BE
:108E40000B43536519E0012104F12800FFF776FC7C
:108E50000546D0E701263546D6E72E46D4E701265B
:108E600035460AE0B3F1804FE2D0B3F1A04FDFD036
:108E7000B3F1405FDCD001263546236813F0400F84
:108E800031D0D4F89830B3F5006F4DD020D843B12D
:108E9000B3F5806F19D1002104F10800FFF7C8FB7A
:108EA0000546002D47D16A4A936D23F4E053D4F868
:108EB00098100B43936516E0022104F12800FFF798
:108EC0003DFC0546B4E72E46D7E7012635460AE0C5
:108ED000B3F5805FE5D0B3F5A05FE2D0B3F5406FA6
:108EE000DFD001263546236813F0800F33D0D4F845
:108EF0009C30B3F5804F00F0A18021D843B1B3F589
:108F0000005F1AD1002104F10800FFF791FB05462C
:108F1000002D40F09A804E4A936D23F46043D4F8BC
:108F20009C100B43936516E0022104F12800FFF723
:108F300005FC0546B5E72E46D5E7012635460AE08D
:108F4000B3F5004FE4D0B3F5204FE1D0B3F5C04FF7
:108F5000DED001263546236813F0080F0CD0D4F874
:108F60008030B3F5805F75D0394A536D23F4405398
:108F7000D4F880100B435365236813F0100F0CD006
:108F8000D4F89430B3F5807F6DD0314A936D23F4DB
:108F90004073D4F894100B439365236813F4002FA7
:108FA0000BD0D4F8A030B3F5803F75D0B3F5003FB7
:108FB00068D0002B60D001263546236813F4802F3B
:108FC0000CD0D4F88430B3F5001F7DD0B3F5401F2A
:108FD00070D0B3F5801F68D001263546236813F49E
:108FE000803F08D0236D002B77D0B3F5803F00F091
:108FF000828001263546236813F0005F40F08480AC
:10900000236813F4003F00F08C80E36FB3F5807F9A
:1090100000F0DF8040F28280B3F5007F03D0B3F52B
:10902000407F40F0D480002D40F0D980084A536D35
:1090300023F44073E16F0B43536572E0022104F1A6
:109040002800FFF77BFB054662E72E4683E700BF5B
:1090500000440258022104F12800FFF76FFB0028AA
:1090600082D0012680E7022104F12800FFF766FB89
:1090700000288AD0012688E7002104F10800FFF7C4
:10908000D7FA05467DB9724A936D23F44033D4F87C
:10909000A0100B43936590E7022104F12800FFF72D
:1090A0004DFB0546EEE72E4687E7694AD36A43F44F
:1090B0000033D3627DB9664A536D23F44013D4F86C
:1090C00084100B43536589E7012104F12800FFF761
:1090D00035FB0546EEE72E4680E75D4AD36A43F44A
:1090E0000033D36275B95A4AD36C23F48033216DAF
:1090F0000B43D3647FE7022104F10800FFF798FADD
:109100000546EFE72E4676E7022104F12800FFF737
:1091100015FB00283FF474AF012671E7002B82D0C5
:109120000126236813F4801F06D0494A136D23F0EB
:109130000043216F0B431365236813F4001F06D00F
:10914000434A136D23F08073A16E0B4313652368AC
:1091500013F0804F09D03E4B1A6922F400421A6185
:109160001A69D4F8B4100A431A612368002B06DA8E
:10917000374AD36C23F04053616D0B43D3642368AB
:1091800013F4000F07D0324A536D23F44003D4F890
:1091900088100B435365636813F0010F21D1636896
:1091A00013F0020F26D1636813F0040F2BD163680C
:1091B00013F0080F30D1636813F0100F35D16368D6
:1091C00013F0200F3AD106B101263046F8BD012632
:1091D000A7E71F4AD36A43F40033D36223E72E463E
:1091E0009FE7002104F10800FFF722FA0028D6D0FB
:1091F0000646D4E7012104F10800FFF719FA002818
:10920000D1D00646CFE7022104F10800FFF710FA9B
:109210000028CCD00646CAE7002104F12800FFF759
:109220008DFA0028C7D00646C5E7012104F12800C1
:10923000FFF784FA0028C2D00646C0E7022104F1F5
:109240002800FFF77BFA0028BDD00646BBE700BF29
:109250000044025808B5FFF77BF9054B1B6AC3F3BE
:109260000213044AD35C03F01F03D84008BD00BFBB
:1092700000440258B4D1000810B5774A916A946A44
:10928000C4F3053ED36AC3F3001CD36BC3F3CC0312
:109290000CFB03F314F47C3F00F0D88001F00301D1
:1092A00007EE903AF8EE677A012965D0022900F0BE
:1092B000B080E1B107EE10EAB8EE477A9FED676A39
:1092C000C6EE076A644B9B6BC3F3080307EE103AC4
:1092D000B8EE477A9FED626A67EE867A77EE277A74
:1092E000B7EE007A77EE877A66EEA76A60E01368D9
:1092F00013F0200F23D011461268C2F3C102594B5C
:10930000D34007EE103AB8EE477A06EE90EAB8EE90
:10931000666AC7EE066A8B6BC3F3080307EE103A62
:10932000B8EE477A9FED4E6A67EE867A77EE277A37
:10933000B7EE007A77EE877A66EEA76A38E007EE36
:1093400010EAB8EE477A9FED486AC6EE076A424BCC
:109350009B6BC3F3080307EE103AB8EE477A9FED14
:10936000406A67EE867A77EE277AB7EE007A77EE74
:10937000877A66EEA76A1BE007EE10EAB8EE477A36
:109380009FED366AC6EE076A334B9B6BC3F3080347
:1093900007EE103AB8EE477A9FED316A67EE867AAB
:1093A00077EE277AB7EE007A77EE877A66EEA76ACD
:1093B000294A936BC3F3462307EE103AB8EE477A77
:1093C000B7EE006A37EE067AC6EE877AFCEEE77AE9
:1093D000C0ED007A936BC3F3064307EE103AB8EE84
:1093E000477A37EE067AC6EE877AFCEEE77AC0ED6A
:1093F000017A936BC3F3066307EE903AF8EE677A4F
:1094000077EE867A86EEA77ABCEEC77A80ED027A8E
:1094100010BD07EE10EAB8EE477A9FED146AC6EE6B
:10942000076A0D4B9B6BC3F3080307EE103AB8EEC7
:10943000477A9FED0B6A67EE867A77EE277AB7EE6A
:10944000007A77EE877A66EEA76AB1E700230360B9
:1094500043608360DCE700BF004402580024744A84
:10946000000000390090D0030024744C001BB74B5F
:1094700010B5774A916A946AC4F3055ED36AC3F360
:10948000002C536CC3F3CC030CFB03F314F07C7F70
:1094900000F0D88001F0030107EE903AF8EE677A09
:1094A000012965D0022900F0B080E1B107EE10EA91
:1094B000B8EE477A9FED676AC6EE076A644B1B6C8D
:1094C000C3F3080307EE103AB8EE477A9FED626ADD
:1094D00067EE867A77EE277AB7EE007A77EE877AAC
:1094E00066EEA76A60E0136813F0200F23D01146E0
:1094F0001268C2F3C102594BD34007EE103AB8EEDE
:10950000477A06EE90EAB8EE666AC7EE066A0B6C1A
:10951000C3F3080307EE103AB8EE477A9FED4E6AA0
:1095200067EE867A77EE277AB7EE007A77EE877A5B
:1095300066EEA76A38E007EE10EAB8EE477A9FEDCC
:10954000486AC6EE076A424B1B6CC3F3080307EE7A
:10955000103AB8EE477A9FED406A67EE867A77EE6A
:10956000277AB7EE007A77EE877A66EEA76A1BE075
:1095700007EE10EAB8EE477A9FED366AC6EE076A44
:10958000334B1B6CC3F3080307EE103AB8EE477A6F
:109590009FED316A67EE867A77EE277AB7EE007A2A
:1095A00077EE877A66EEA76A294A136CC3F34623DF
:1095B00007EE103AB8EE477AB7EE006A37EE067A51
:1095C000C6EE877AFCEEE77AC0ED007A136CC3F33F
:1095D000064307EE103AB8EE477A37EE067AC6EE43
:1095E000877AFCEEE77AC0ED017A136CC3F3066369
:1095F00007EE903AF8EE677A77EE867A86EEA77AEB
:10960000BCEEC77A80ED027A10BD07EE10EAB8EE24
:10961000477A9FED146AC6EE076A0D4B1B6CC3F3C5
:10962000080307EE103AB8EE477A9FED0B6A67EE33
:10963000867A77EE277AB7EE007A77EE877A66EE4B
:10964000A76AB1E70023036043608360DCE700BFE3
:10965000004402580024744A000000390090D003EE
:109660000024744C001BB74BC36B5B09C068083007
:10967000C00803FB00007047002800F0B78070B5F9
:1096800004460023836205685C4B5D4E9D4218BF13
:10969000B54214BF0126002607D0A3F574439D42AE
:1096A00003D0C3680F2B00F2A3802046FFF7DCFF36
:1096B0002EB1544B9D4202D0082800F29B804F4AA5
:1096C0004F4B9D4218BF954203D003F580639D42E6
:1096D00002D1102800F2908094F88130F3B1022377
:1096E00084F881302268136823F001031360216835
:1096F0008A6802F4F812A369B3F1806F14D063682A
:1097000013F4800F23D0E368062B20D921680B685F
:1097100023F48073206D03430B601DE084F88030D8
:109720002046F8F735FADAE76368B3F5800F06D01C
:10973000002BE4D1A36BB3F1805FE0D102E0A06B1A
:109740000028F5D10B6843F480530B60D7E72168FC
:109750000B6823F480730B60E369A16A0B43134326
:10976000E26B1343E16822680B439360636B626AA8
:109770001343A26B1343A269134322691343626923
:109780001343226A134362681343E26C1343A268D3
:109790001343A26C1343A16D22680B43D36063682B
:1097A0006BB92268936823F4C05343F40063936059
:1097B0002268936823F4C06343F480639360226853
:1097C000136D23F001031365636813F4800F06D053
:1097D0002268D36823F00043616D0B43D3600020FF
:1097E000C4F88400012384F8813070BD01207047E3
:1097F0000120FAE70120F8E70120F6E700300140F8
:1098000000380040003C0040F0B4036A026A22F0D5
:1098100001020262466884691F4A22400D681543AE
:1098200023F002038C6823431C4A1D4CA04218BF3E
:1098300090420CBF012200220CD004F58044A042CB
:1098400014BF00240124174FB84203D014B9164C9A
:10985000A04205D123F00803CC68234323F004037E
:109860005AB9124A904214BF002201220D4CA04264
:1098700003D012B90C4A904207D126F4407C4A69C1
:1098800042EA0C0C8E6946EA0C06466085614A681D
:1098900042630362F0BC70478CFFFEFF0000014092
:1098A00000040140004001400048014000440140E4
:1098B00070B4036A026A22F4807202624568C46965
:1098C0001A4A22400E68164323F400738A6843EA5A
:1098D0000223174A174CA04218BF90420CBF012226
:1098E000002206D123F40063CC6843EA042323F466
:1098F00080635AB9104A904214BF002201220F4CD3
:10990000A04203D012B90E4A904207D125F4405C20
:109910004A694CEA021C8D694CEA05154560C6612E
:109920004A68C263036270BC704700BF8CFFFEFFD1
:10993000000001400004014000440140004001409B
:109940000048014070B4036A026A22F48052026245
:109950004468C569144A2A400D6842EA052223F486
:1099600000538D6843EA0533104E114DA84218BFCD
:10997000B0420DD005F58045A84214BF0025012551
:1099800006F58046B04203D015B90A4DA84204D16D
:1099900024F480444D6944EA85144460C2614A68F5
:1099A0000264036270BC7047FF8CFFFE0000014040
:1099B000000401400048014070B4036A026A22F4C6
:1099C000803202624268456D144C2C400D682C4375
:1099D00023F400338D6843EA0543114E114DA8422C
:1099E00018BFB0420DD005F58045A84214BF002530
:1099F000012506F58046B04203D015B90A4DA842AC
:109A000004D122F480324D6942EA05224260446565
:109A10004A688265036270BC704700BF8FFFFEFF1B
:109A200000000140000401400048014070B4036A96
:109A3000026A22F4801202624468456D144A2A4088
:109A40000D6842EA052223F400138D6843EA0553AA
:109A5000104E114DA84218BFB0420DD005F58045FB
:109A6000A84214BF0025012506F58046B04203D068
:109A700015B90A4DA84204D124F480244D6944EA62
:109A80008524446042654A68C265036270BC7047C1
:109A9000FF8FFFFE0000014000040140004801402C
:109AA0007047000090F83D30DBB2012B42D1022319
:109AB00080F83D300268D36843F00103D360036847
:109AC0001E4AB3F1804F18BF934225D0A2F57C42C5
:109AD000934221D002F5806293421DD002F580624C
:109AE000934219D002F57842934215D0A2F56C4208
:109AF000934211D002F5943293420DD0A2F5C042A8
:109B0000934209D002F58062934205D01A6842F070
:109B100001021A60002070479968094A0A40062A23
:109B200018BFB2F5803F07D01A6842F001021A60F0
:109B3000002070470120704700207047000001405E
:109B400007000100704770477047704770B50446C2
:109B50000368DE681D6915F0020F10D016F0020FC1
:109B60000DD06FF002021A610123037703689B692D
:109B700013F0030F64D0FFF7E6FF0023237715F0FF
:109B8000040F12D016F0040F0FD023686FF00402F8
:109B90001A610223237723689B6913F4407F55D011
:109BA0002046FFF7D0FF0023237715F0080F12D0CF
:109BB00016F0080F0FD023686FF008021A61042313
:109BC00023772368DB6913F0030F46D02046FFF7A5
:109BD000BAFF0023237715F0100F12D016F0100FE4
:109BE0000FD023686FF010021A61082323772368CF
:109BF000DB6913F4407F37D02046FFF7A4FF002332
:109C0000237715F0010F02D016F0010F33D115F4B0
:109C1000025F02D016F0800F35D115F4807F02D09C
:109C200016F0800F37D115F0400F02D016F0400F1C
:109C300039D115F0200F02D016F0200F3BD170BDA6
:109C4000FFF780FF2046FFF77FFF96E72046FFF7EC
:109C500079FF2046FFF778FFA5E72046FFF772FF60
:109C60002046FFF771FFB4E72046FFF76BFF204661
:109C7000FFF76AFFC3E723686FF001021A6120460D
:109C8000F7F7AFFEC3E723686FF402521A6120466C
:109C900000F09BFAC1E723686FF480721A612046D6
:109CA00000F094FABFE723686FF040021A61204683
:109CB000FFF74BFFBDE723686FF020021A612046D3
:109CC00000F082FABBE7000070B403683E4A90429D
:109CD00014BF00220122B0F1804F14BF144642F09D
:109CE0000104ACB9394DA84214BF00250125384EF6
:109CF000B0420DD065B905F1804505F58235A84221
:109D000014BF0025012506F50066B04200D01DB144
:109D100023F070034D682B4364BB2C4CA04214BF4E
:109D2000002401242A4DA84224D01CBB04F1804405
:109D300004F58234A04214BF0024012405F5006517
:109D4000A84217D0B4B9234CA04214BF0024012468
:109D500005F59A35A8420DD064B91F4CA04214BF36
:109D60000024012405F50065A84203D014B91B4C5A
:109D7000A04203D123F44073CC68234323F0800333
:109D80004C6923438C68C4620C688462144CA04202
:109D900008BF42F0010262B90E4A904214BF00228D
:109DA000012204F57054A04203D012B90D4A90422A
:109DB00001D10A690263026842F0040202600122D2
:109DC0004261036070BC7047000001400008004021
:109DD000000400400044014000E0004000E4004076
:109DE000000401400048014060B310B5044690F8FB
:109DF0003D3013B3022384F83D30214651F8040B63
:109E0000FFF762FF012384F8483084F83E3084F87D
:109E10003F3084F8403084F8413084F8423084F890
:109E2000433084F8443084F8453084F8463084F870
:109E3000473084F83D30002010BD80F83C30FFF7FB
:109E40002FFED7E70120704760B310B5044690F8A5
:109E50003D3013B3022384F83D30214651F8040B02
:109E6000FFF732FF012384F8483084F83E3084F84D
:109E70003F3084F8403084F8413084F8423084F830
:109E8000433084F8443084F8453084F8463084F810
:109E9000473084F83D30002010BD80F83C30F8F7A2
:109EA0005FF8D7E70120704770B4036A026A22F0B6
:109EB00010020262456884691A4A22400E6842EA2A
:109EC000062623F020038A6843EA0213164A174C39
:109ED000A04218BF90420CBF0122002206D123F0FD
:109EE0008003CC6843EA041323F040035AB9104AB4
:109EF000904214BF002201220E4CA04203D012B99E
:109F00000D4A904207D125F4406C4A694CEA820C14
:109F10008D694CEA8505456086614A688263036203
:109F200070BC7047FF8CFFFE000001400004014040
:109F300000440140004001400048014038B590F81D
:109F40003C30012B00F0958004460D46012380F83B
:109F50003C30142A00F28880DFE802F00B86868607
:109F60001F86868634868686488686865D868686B1
:109F700071000068FFF748FC2268936943F008030A
:109F800093612268936923F00403936122689369C3
:109F900029690B439361002067E00068FFF784FFA5
:109FA0002268936943F4006393612268936923F400
:109FB0008063936122689369296943EA012393616D
:109FC000002052E00068FFF773FC2268D36943F079
:109FD0000803D3612268D36923F00403D3612268A4
:109FE000D36929690B43D36100203EE00068FFF785
:109FF000A9FC2268D36943F40063D3612268D36962
:10A0000023F48063D3612268D369296943EA012379
:10A01000D361002029E00068FFF7CEFC2268536D71
:10A0200043F0080353652268536D23F0040353651E
:10A030002268536D29690B435365002015E00068C1
:10A04000FFF7F4FC2268536D43F400635365226804
:10A05000536D23F4806353652268536D296943EA85
:10A0600001235365002000E00120002384F83C30E8
:10A0700038BD0220FCE7000090F83C30012B4DD0A9
:10A0800070B4012380F83C30022380F83D3003682F
:10A090005A689C68224E234DAB4218BFB34203D18D
:10A0A00022F470024D682A4322F070020D682A43A0
:10A0B0005A6003681A4AB3F1804F18BF93421FD009
:10A0C000A2F57C4293421BD002F58062934217D0E6
:10A0D00002F58062934213D002F5784293420FD08A
:10A0E000A2F56C4293420BD002F59432934207D012
:10A0F000A2F5C042934203D002F58062934204D19C
:10A1000024F080048A6814439C60012380F83D3069
:10A11000002380F83C30184670BC7047022070471E
:10A12000000001400004014090F83C30012B44D075
:10A1300030B4012380F83C30CB6823F440738A6844
:10A14000134323F480634A68134323F400630A68CB
:10A15000134323F480530A69134323F400534A69D9
:10A16000134323F480430A6B134323F470238A6957
:10A1700043EA024323F08053CA6913430268104D37
:10A18000104CA24218BFAA4210D123F470038C6A6B
:10A1900043EA045323F080730C6A234323F00073D3
:10A1A0004C6A234323F00053C96A0B4353640023D2
:10A1B00080F83C30184630BC70470220704700BF22
:10A1C00000000140000401407047704770470000E4
:10A1D000026852E8003F23F4907342E800310029FE
:10A1E000F6D1026802F1080353E8001F0D4B0B4043
:10A1F000083242E800310029F3D1C36E012B06D0AA
:10A200002023C0F88C300023C36643677047026880
:10A2100052E8003F23F0100342E800310029F6D154
:10A22000EEE700BFFEFFFFEF704708B5026852E897
:10A23000003F23F0400342E800310029F6D12023FB
:10A24000C0F8883000238367FFF7EEFF08BD704732
:10A2500008B5806B0023A0F85E30FFF7F8FF08BD5B
:10A260007047000070B504460168CB6908688D68C6
:10A2700040F60F021A4008D113F0200F05D010F05D
:10A28000200F34D115F0805F31D12AB18B4A2A409A
:10A2900033D18B4E304230D1E26E012A00F0C680BD
:10A2A00013F4801F03D015F4800F40F0A98113F040
:10A2B000800F07D010F0800F40F0A98115F4000F37
:10A2C00040F0A58113F0400F03D010F0400F40F094
:10A2D000A58113F4000F03D010F0804F40F0A2814D
:10A2E00013F0807F02D00028C0F2A08170BD636FA0
:10A2F000002BFBD020469847F8E713F0010F09D058
:10A3000010F4807F06D001260E62D4F890103143FD
:10A31000C4F8901013F0020F0BD015F0010F08D005
:10A32000216802260E62D4F8901041F00401C4F8AE
:10A33000901013F0040F0BD015F0010F08D0216816
:10A3400004260E62D4F8901041F00201C4F8901077
:10A3500013F0080F0BD010F0200F00D13AB1226893
:10A3600008211162D4F890200A43C4F8902013F415
:10A37000006F0CD010F0806F09D022684FF400619C
:10A380001162D4F8902042F02002C4F89020D4F852
:10A390009020002AAAD013F0200F09D010F0200F2F
:10A3A00002D115F0805F03D0636F0BB12046984750
:10A3B000D4F8902023689B6813F0400F02D112F06C
:10A3C000280F2CD02046FFF703FF23689B6813F06B
:10A3D000400F20D0226802F1080353E8003F23F029
:10A3E0004003083242E800310029F3D1D4F880302C
:10A3F0006BB1344A1A65D4F88000FBF705FB0028DE
:10A400003FF474AFD4F88000036D98476EE72046A0
:10A41000FFF71DFF6AE72046FFF719FF66E72046B2
:10A42000FFF715FF0023C4F890305FE713F0100F1B
:10A430003FF436AF10F0100F3FF432AF10230B6231
:10A4400023689B6813F0400F00F0A080D4F88020B0
:10A4500013681D481D498B4218BF834238D01831FC
:10A460008B4235D018318B4232D018318B422FD0ED
:10A4700018318B422CD018318B4229D018318B42A5
:10A4800026D001F556718B4222D018318B421FD055
:10A4900018318B421CD018318B4219D018318B42A5
:10A4A00016D018318B4213D018318B4210D018318E
:10A4B0008B420DD05B689BB20CE000BF0100001026
:10A4C0002001000451A200081000024028000240B0
:10A4D0005B689BB2002B49D0B4F85C10994245D917
:10A4E000A4F85E30D369B3F5807F32D0226852E899
:10A4F000003F23F4807342E800310029F6D122683E
:10A5000002F1080353E8003F23F00103083242E858
:10A5100000310029F3D1226802F1080353E8003F1B
:10A5200023F04003083242E800310029F3D1202310
:10A53000C4F88C300023E366226852E8003F23F021
:10A54000100342E800310029F6D1D4F88000FBF76F
:10A55000BBF802232367B4F85C10B4F85E309BB2FA
:10A56000C91A89B22046FFF77BFEBFE6B4F85C103B
:10A5700099427FF4BBAED369B3F5807F7FF4B6AE6A
:10A58000022323672046FFF76BFEAFE6B4F85C10AA
:10A59000B4F85E309BB2C91A89B2B4F85E309BB28F
:10A5A000002B3FF4A3AE00293FF4A0AE226852E88E
:10A5B000003F23F4907342E800300028F6D122686F
:10A5C00002F1080353E8000F1A4B0340083242E837
:10A5D00000300028F3D12023C4F88C300023E36638
:10A5E0006367226852E8003F23F0100342E800301E
:10A5F0000028F6D1022323672046FFF731FE75E6D7
:10A600004FF480130B62204600F0ECFC6EE6A36F63
:10A61000002B3FF46BAE2046984767E62046FFF7D5
:10A6200004FE63E6204600F0DFFC5FE6204600F013
:10A63000DAFC5BE6FEFFFFEF70B586B0044601680A
:10A6400083680269134342691343C269134308686C
:10A65000904A024013430B602268536823F440532E
:10A66000E1680B435360A16922688B4B9A4201D089
:10A67000236A19439068894B03400B439360226817
:10A68000D36A23F00F03616A0B43D3622268844BC1
:10A690009A4229D0834B9A4200F09480824B9A428E
:10A6A00000F0AA80814B9A4200F0C080804B9A4211
:10A6B00000F0D6807F4B9A4200F008817E4B9A4290
:10A6C00000F02D817D4B9A4200F040817C4B9A42F4
:10A6D00000F053817B4B9A4200F078816E4B9A4296
:10A6E00000F09D81802333E0774B5B6D03F03803EE
:10A6F000282B65D8DFE813F02900640064006400AB
:10A700006400640064006400AB01640064006400E1
:10A7100064006400640064002B0064006400640052
:10A7200064006400640064005E006400640064000F
:10A7300064006400640064006000640064006400FD
:10A7400064006400640064006200012300E00823E8
:10A7500051498A4200F09481E069B0F5004F00F061
:10A760000A82202B00F26282202B00F2AC82DFE80A
:10A7700013F079027F02AA02AA028202AA02AA02A6
:10A78000AA028702AA02AA02AA02AA02AA02AA028C
:10A79000AA028C02AA02AA02AA02AA02AA02AA0277
:10A7A000AA02AA02AA02AA02AA02AA02AA02AA0249
:10A7B000AA0298021023CBE72023C9E74023C7E76A
:10A7C0008023C5E7404B5B6D03F00703052B11D8D1
:10A7D000DFE813F006003F0108000A000C000E003D
:10A7E0000023B5E70823B3E71023B1E72023AFE741
:10A7F0004023ADE78023ABE7334B5B6D03F00703EA
:10A80000052B11D8DFE813F00600270108000A0025
:10A810000C000E0000239BE7082399E7102397E71D
:10A82000202395E7402393E7802391E7264B5B6D38
:10A8300003F00703052B11D8DFE813F006000F0122
:10A8400008000A000C000E00002381E708237FE7C0
:10A8500010237DE720237BE7402379E7802377E7F8
:10A86000194B5B6D03F00703052B11D8DFE813F0DC
:10A870000600F70008000A000C000E00002367E73E
:10A88000082365E7102363E7202361E740235FE7A0
:10A8900080235DE7F369FFCF000C0058FFF4FF1140
:10A8A000001001400044004000480040004C0040BF
:10A8B000005000400014014000780040007C00403F
:10A8C00000180140001C014000440258694B5B6DB8
:10A8D00003F03803282B20D8DFE803F0151F1F1FD3
:10A8E0001F1F1F1FC31F1F1F1F1F1F1F171F1F1FDC
:10A8F0001F1F1F1F191F1F1F1F1F1F1F1B1F1F1F72
:10A900001F1F1F1F1D00012322E7082320E710231C
:10A910001EE720231CE740231AE7802318E7554B46
:10A920005B6D03F00703052B0ED8DFE803F0039CF3
:10A930000507090B00230BE7082309E7102307E7A6
:10A94000202305E7402303E7802301E7494B5B6DA4
:10A9500003F00703052B0ED8DFE803F00387050794
:10A96000090B0023F4E60823F2E61023F0E6202387
:10A97000EEE64023ECE68023EAE63E4B5B6D03F017
:10A980003803282B20D8DFE803F0151F1F1F1F1FD7
:10A990001F1F721F1F1F1F1F1F1F171F1F1F1F1F7C
:10A9A0001F1F191F1F1F1F1F1F1F1B1F1F1F1F1FC1
:10A9B0001F1F1D000123CBE60823C9E61023C7E6AD
:10A9C0002023C5E64023C3E68023C1E6294B5B6D07
:10A9D00003F03803282B20D8DFE803F0151F1F1FD2
:10A9E0001F1F1F1F4E1F1F1F1F1F1F1F171F1F1F50
:10A9F0001F1F1F1F191F1F1F1F1F1F1F1B1F1F1F71
:10AA00001F1F1F1F1D000123A2E60823A0E610231D
:10AA10009EE620239CE640239AE6802398E603F5F1
:10AA20000E339B6D03F00703052B0ED8DFE803F010
:10AA300003260507090B02238AE6082388E610236C
:10AA400086E6202384E6402382E6802380E60423F2
:10AA50007EE604237CE604237AE6042378E60423D6
:10AA600076E6042374E6042372E6042370E60423E6
:10AA70006EE600BF00440258042369E6042367E63B
:10AA8000202B27D8022BC0F01081023B1E2B00F296
:10AA90000E81DFE813F050000C0156000C010C0190
:10AAA0000C015B000C010C010C010C010C010C01F0
:10AAB0000C0160000C010C010C010C010C010C01DB
:10AAC0000C010C010C010C010C010C010C010C011E
:10AAD0000C016C00402B2CD14FF40040626A804B7B
:10AAE00033F81220B0FBF2F3656805EB450199429B
:10AAF00000F2DF80B3EB053F00F2DD800026334635
:10AB00003146F5F729FC090241EA106100026B08A1
:10AB1000C0182A46334641F10001F5F71DFCA0F5A7
:10AB20004072704B9A4200F2C8802368D860304669
:10AB3000CAE00120C8E0FEF78DFB0028CED100203E
:10AB4000C2E003A8FEF798FB0498F6E76846FEF714
:10AB50008FFC0198F1E7644B1B6813F0200F08D0BD
:10AB6000614B1B68C3F3C1036048D840E5E7604808
:10AB7000B4E75E48B2E7202B15D8202B00F29F8067
:10AB8000DFE803F031379D9D3A9D9D9D3F9D9D9D42
:10AB90009D9D9D9D449D9D9D9D9D9D9D9D9D9D9D3E
:10ABA0009D9D9D9D5000402B1BD1626A4C4B33F8FC
:10ABB0001230B0FBF3F06268530803EB4000B0FBC7
:10ABC000F2F0A0F110024FF6EF739A4279D883B2F7
:10ABD00023F00F03C0F3420018432368D86000201D
:10ABE00072E0012070E0FDF7D5FC0028DDD10020E7
:10ABF0006AE0FDF7E1FCF8E703A8FEF73DFB0498E7
:10AC0000F3E76846FEF734FC0198EEE7364B1B6825
:10AC100013F0200F08D0344B1B68C3F3C103334833
:10AC2000D840E2E73248C0E73048BEE7402B17D1B2
:10AC30004FF40040626A2A4B33F81230B0FBF3F055
:10AC4000636800EB5300B0FBF3F0A0F110024FF685
:10AC5000EF739A4242D8236880B2D860002033E074
:10AC6000012031E0FDF796FC0028E3D100202BE025
:10AC7000FDF7A2FCF8E703A8FEF7FEFA0498F3E755
:10AC80006846FEF7F5FB0198EEE7174B1B6813F0DB
:10AC9000200F08D0144B1B68C3F3C1031348D840DE
:10ACA000E2E71348C6E71148C4E701200CE00120A1
:10ACB0000AE0012008E0012006E0012004E0012074
:10ACC00002E0012000E001200123A4F86A30A4F88A
:10ACD000683000236367A36706B070BD0120F3E707
:10ACE0005CD20008FFFC0F00004402580090D00323
:10ACF00000093D00836A13F0080F06D0026853680C
:10AD000023F40043816B0B435360836A13F0010FFC
:10AD100006D00268536823F40033C16A0B435360C2
:10AD2000836A13F0020F06D00268536823F480335D
:10AD3000016B0B435360836A13F0040F06D0026863
:10AD4000536823F48023416B0B435360836A13F0F1
:10AD5000100F06D00268936823F48053C16B0B4335
:10AD60009360836A13F0200F06D00268936823F47F
:10AD70000053016C0B439360836A13F0400F0AD0B9
:10AD80000268536823F48013416C0B435360436C97
:10AD9000B3F5801F0BD0836A13F0800F06D00268D2
:10ADA000536823F40023C16C0B435360704702685F
:10ADB000536823F4C003816C0B435360EBE72DE928
:10ADC000F84305460E4617469946DDF820802C6864
:10ADD000E46936EA04030CBF4FF0010C4FF0000C9D
:10ADE000BC453AD1B8F1FF3FF1D0FAF7EFF8A0EB4C
:10ADF0000900404534D8B8F1000F33D02B681A68E9
:10AE000012F0040FE3D0B6F1400218BF0122802EE9
:10AE1000DDD0002ADBD0DA6912F0080F11D1DA692F
:10AE200012F4006FD3D04FF400621A622846FFF785
:10AE3000CFF92023C5F89030002385F88430032013
:10AE40000CE008241C622846FFF7C2F9C5F89040C0
:10AE5000002385F88430012000E00020BDE8F8835D
:10AE60000320FBE70320F9E730B583B00446002355
:10AE7000C0F89030FAF7AAF805462268126812F076
:10AE8000080F10D123681B6813F0040F28D120236A
:10AE9000C4F88830C4F88C300020E066206784F85D
:10AEA000840003B030BD6FF07E4300930346002260
:10AEB0004FF400112046FFF782FF0028E2D02268FD
:10AEC00052E8003F23F0800342E800310029F6D128
:10AED0002023C4F88830002384F884300320E0E77E
:10AEE0006FF07E4300932B4600224FF480012046F2
:10AEF000FFF765FF0028CAD0226852E8003F23F41C
:10AF0000907342E800310029F6D1226802F108036B
:10AF100053E8003F23F00103083242E800310029E2
:10AF2000F3D12023C4F88C30002384F8843003202C
:10AF3000B7E778B310B50446D0F888300BB32423B4
:10AF4000C4F888302268136823F001031360A36AF1
:10AF5000E3B92046FFF770FB012811D0226853683F
:10AF600023F4904353602268936823F02A0393608C
:10AF70002268136843F0010313602046FFF774FF53
:10AF800010BD80F88430F7F7B1F9D8E72046FFF715
:10AF9000B1FEDEE701207047436E2BB90123A0F814
:10AFA0006A30A0F86830704730B403689A68C2F31A
:10AFB00042629968490F094D6B5C1B01084C615C4A
:10AFC00093FBF1F3A0F86A30AB5C1B01A25C93FB2E
:10AFD000F2F3A0F8683030BC704700BF7CD20008A4
:10AFE00074D2000870477047704790F88430012B86
:10AFF00018D0012380F884302423C0F888300368F7
:10B000001A68196821F00101196022F0005200232A
:10B01000436601680A602022C0F8882080F88430E6
:10B02000184670470220704738B590F88430012BDD
:10B030001DD00446012380F884302423C0F88830D2
:10B0400003681D681A6822F001021A60026893689A
:10B0500023F0604319439160FFF79EFF23681D6052
:10B060002023C4F88830002084F8840038BD0220F2
:10B07000FCE738B590F88430012B1DD0044601233D
:10B0800080F884302423C0F8883003681D681A686B
:10B0900022F001021A600268936823F0606319438A
:10B0A0009160FFF779FF23681D602023C4F8883082
:10B0B000002084F8840038BD0220FCE782B0002321
:10B0C0000193019B01330193019BB3F1706F15D87C
:10B0D0000369002BF5DA00230193036943F00103B0
:10B0E0000361019B01330193019BB3F1706F08D899
:10B0F000036913F0010FF4D1002000E0032002B037
:10B1000070470320FBE7000084B010B5044603A895
:10B1100080E80E009DF81130012B1FD1A36B23F4A2
:10B120008033A363E2681F4B1340E360E36823F4BA
:10B130004013E3609DF81830012B0AD02046FFF73A
:10B14000BDFF9DF80E30012B1CD0BDE8104004B0AF
:10B150007047E36843F48013E360EFE7E36843F08C
:10B160004003E3602046FFF7A9FF9DF8153023B99F
:10B17000A36B43F48033A363E3E7A36B23F480332F
:10B18000A363DEE7E36D9BB2E365E26D064B134319
:10B19000E365A36843F00603A360A36843F02003BC
:10B1A000A360D2E7BFFFBDFF0000EE03022A0AD072
:10B1B0000921C26822F47052C260C36843EA812345
:10B1C000C36000207047204B0B44204A934229D98A
:10B1D0001F4B0B441F4A934226D91F4B0B441F4A57
:10B1E000934223D91E4B0B441E4A934220D31E4B3D
:10B1F0000B441E4A93421DD91D4B0B441D4A9342DA
:10B200001AD31D4B0B441D4A934217D31C4B0B44BE
:10B210001C4A934214D31C4B0B441C4A934211D238
:10B220000721C6E70F21C4E70E21C2E70D21C0E7C1
:10B230000C21BEE70B21BCE70A21BAE70921B8E7D8
:10B240000821B6E70621B4E7405327FFFF340C007E
:10B25000401E1BFF3F420F0000DC0BFF7F4F120020
:10B26000808CF9FE20D6130060B6E5FE5FE3160081
:10B2700000D3CEFE40771B00C05BB3FEC09121001F
:10B2800000CA91FE20753800E05459FEE09C410050
:10B29000836843F00103836000207047836823F0D4
:10B2A000010383600020704782B000230193019B5B
:10B2B00001330193019BB3F1706F15D80369002B23
:10B2C000F5DA00230193890141F020010161019B1E
:10B2D00001330193019BB3F1706F08D8036913F038
:10B2E000200FF4D1002000E0032002B070470320BB
:10B2F000FBE782B000230193019B01330193019B83
:10B30000B3F1706F13D80369002BF5DA00230193B2
:10B3100010230361019B01330193019BB3F1706F13
:10B3200008D8036913F0100FF4D1002000E00320C7
:10B3300002B070470320FBE7D0F800381943C0F88B
:10B34000001800207047000084B0F8B5044607A834
:10B3500080E80E00002306E003F1400204EB8202C5
:10B360000021516001330E2BF6D99DF8266006BBF3
:10B37000D4F8043843F00203C4F80438A36B23F470
:10B380000013A363236843F040032360236843F062
:10B39000800323600023C4F8003E9DF82130012B78
:10B3A00011D19DF81F304BB900212046FFF7C4FF93
:10B3B0000DE0A36B43F40013A363EBE701212046E8
:10B3C000FFF7BAFF03E003212046FFF7B5FF102186
:10B3D0002046FFF769FF054600B101252046FFF72B
:10B3E00088FF00B1012504F5006C0023CCF8103073
:10B3F000CCF81430CCF81C300AE0CBB94FF0006028
:10B40000C2F8000900220A614FF67F328A600133D8
:10B410009DF81C10994210D904EB431202F51061FB
:10B42000D2F800090028E8DB0020C2F80009E9E7AB
:10B430004FF09040C2F80009E4E700230AE0BBB1F6
:10B440004FF09047C2F8007B002202614FF67F3236
:10B4500082600133994210D904EB431202F5306047
:10B46000D2F8007B002FEADB0027C2F8007BEBE775
:10B470004FF00067C2F8007BE6E7DCF8103023F4F9
:10B480008073CCF810300023A3616FF080436361B8
:10B490009DF81E301BB9A36943F01003A361A26994
:10B4A0000A4B1343A3619DF822301BB1A36943F0FB
:10B4B0000803A361012E04D02846BDE8F84004B07B
:10B4C0007047A269024B1343A361F5E700383C8043
:10B4D00004000040D0F8083813F0060305D0062B0E
:10B4E00018BF022B03D102207047002070470F20A5
:10B4F0007047000010B591F800C04B78012B21D0A7
:10B5000000F5006ED0F81C380CF00F040122A240A8
:10B5100043EA0243C0F81C3800EB4C10D0F8003B63
:10B5200013F4004F0CD1D0F8002B8B68C3F30A033F
:10B53000097943EA81431343144A1A43C0F8002BA4
:10B54000002010BDD0F81C280CF00F0E03FA0EF3EB
:10B550009BB21343C0F81C3800EB4C10D0F80039F4
:10B5600013F4004FECD1D0F800298B68C3F30A0321
:10B57000097943EA814343EA8C5C42EA0C0C034BB1
:10B580004CEA0303C0F80039DAE700BF008000107E
:10B5900030B40B784A78012A26D000EB4313D3F855
:10B5A000002B002A52DBD0F83C480A7802F00F0248
:10B5B0004FF0010C0CFA02F224EA0242C0F83C28D7
:10B5C000D0F81C28097801F00F010CFA01FC22EADE
:10B5D0000C42C0F81C28D3F8001B234A0A40C3F8C9
:10B5E000002B002030BC704700EB4313D3F8002938
:10B5F000002A1EDBD0F83C580A7802F00F02012422
:10B6000004FA02F292B225EA0202C0F83C28D0F80D
:10B610001C28097801F00F018C40A4B222EA04042E
:10B62000C0F81C48D3F80019104A0A40C3F8002992
:10B63000D7E7D3F8002942F00062C3F80029D3F815
:10B64000002942F08042C3F80029D3E7D3F8002B49
:10B6500042F00062C3F8002BD3F8002B42F0804286
:10B66000C3F8002B9FE700BF0078F3EF007833ECBE
:10B6700010B483B0024600230193487801280BD010
:10B680000B7802EB4313D3F8000B00282DDB0020CE
:10B6900003B05DF8044B70470B7802EB4313D3F80B
:10B6A0000049002C01DB0020F2E7D3F8004944F008
:10B6B0000064C3F800490B7802EB4313D3F8004948
:10B6C00044F08044C3F80049019B01330193019C7D
:10B6D00042F210739C42DBD80B7802EB4313D3F891
:10B6E0000039002BF0DB0020D2E7D3F8000B40F04C
:10B6F0000060C3F8000B0B7802EB4313D3F8000B88
:10B7000040F08040C3F8000B019B01330193019886
:10B7100042F21073984208D80B7802EB4313D3F827
:10B72000003B002BF0DB0020B2E70120B0E710B5B2
:10B730009DF8084084B903334FEA930E4FF0000C94
:10B7400008E000EB023303F5805351F8044B1C6012
:10B750000CF1010CF445F4D3002010BDF0B583B01A
:10B760000C784B78012B2DD000EB441C0CF530638A
:10B770001E69894D35401D611E69884D35401D612A
:10B78000002C40F0CD800C690CB18C680C618C6889
:10B790000C621D69C4F312042C431C611C6944F43F
:10B7A00000241C61012A00F0DE800B79012B00F0DF
:10B7B000E080DCF8003B43F00443CCF8003B002081
:10B7C00003B0F0BD0B6973BB00EB4413D3F81069F1
:10B7D000724D3540C3F81059D3F8105945F400257F
:10B7E000C3F81059D3F810696B4D3540C3F81059A0
:10B7F000012A53D000EB4414D4F8003943F0044339
:10B80000C4F800390B79012B71D00B69002BD6D00D
:10B81000D0F834380A7802F00F0101228A4013432D
:10B82000C0F83438CBE700EB441303F510631E690E
:10B83000594D35401D611E69584D35401D617CB91B
:10B840000E698D68AE4200D90D611D6945F4002571
:10B850001D611D690E69C6F3120635431D61C7E7F8
:10B860000E698F68F519013DB5FBF7F51E691FFAE2
:10B8700085FC4B4F07EAC54535431D610D79012D08
:10B88000E7D11D6925F0C0451D611D694FEA4C7C5B
:10B890000CF0C04C45EA0C051D61DAE7CB691BB121
:10B8A00000EB4412C2F814390B79012B08D000EBDD
:10B8B0004410D0F8003943F00443C0F800397EE763
:10B8C000D0F8083813F4807F08D100EB4412D2F886
:10B8D000003943F00053C2F80039E8E700EB4412A6
:10B8E000D2F8003943F08053C2F80039DFE7D0F8CE
:10B8F000083813F4807F0CD1D4F8003943F000539A
:10B90000C4F8003900920B8A0A78C968FFF70FFF64
:10B9100055E7D4F8003943F08053C4F80039F1E713
:10B920000C6954B91C698D68C5F312052C431C6160
:10B930001C6944F400241C6134E78D682C44013CEC
:10B94000B4FBF5F4A4B204FB05F50D621D69144EB9
:10B9500006EAC4442C431C611C690D6AC5F3120538
:10B960002C431C611EE7CA68002A3FF41EAF5A61CF
:10B970001BE7D0F8083813F4807F06D1DCF8003BD1
:10B9800043F00053CCF8003B13E7DCF8003B43F0F6
:10B990008053CCF8003B0CE70000F8FFFFFF07E006
:10B9A0000000F81F00B583B0844608464FEA920EA7
:10B9B00002F00302002305E00CF58051096840F80D
:10B9C000041B01337345F7D39AB10CF5805CDCF8A6
:10B9D000003001934FF0000C5FFA8CF3D900019B0B
:10B9E000CB4000F8013B0CF1010C013A92B2002A65
:10B9F000F2D103B05DF804FB0B784A78012A14D029
:10BA000000EB4310D0F8002B002A06DB2BB1D0F856
:10BA1000003B23F08043C0F8003BD0F8003B43F4E8
:10BA20000013C0F8003B0020704700EB4310D0F833
:10BA30000029002A06DB2BB1D0F8003923F080431F
:10BA4000C0F80039D0F8003943F40013C0F80039C9
:10BA5000E9E70B784A78012A0ED000EB4310D0F8C2
:10BA6000003B23F40013C0F8003B0B79023BDBB230
:10BA7000012B15D90020704700EB4310D0F8003996
:10BA800023F40013C0F800390B79023BDBB2012B21
:10BA9000F0D8D0F8003943F08053C0F80039E9E716
:10BAA000D0F8003B43F08053C0F8003BE2E7D0F809
:10BAB000003823F4FE63C0F80038D0F800380901DC
:10BAC00001F4FE611943C0F8001800207047D0F857
:10BAD000003E23F00303C0F8003ED0F8043823F002
:10BAE0000203C0F8043800207047D0F8003E23F06D
:10BAF0000303C0F8003ED0F8043843F00203C0F856
:10BB00000438002070474269806910407047D0F8BF
:10BB1000183800F50060C0691840000C7047D0F874
:10BB2000183800F50060C069184080B2704700EB1B
:10BB30004111D1F8082B00F50060406910407047B2
:10BB400010B4D0F81048D0F8343801F00F02D340C8
:10BB5000DB01DBB2234300EB411000F5106080688D
:10BB600018405DF8044B7047406900F001007047D1
:10BB700038B50546C36823F0C043C360012913D01C
:10BB800019BBC36843F08043C36000240A20F9F75F
:10BB900023FA0A342846FFF7E7FF08B1C72CF5D986
:10BBA000C82C14D0002038BDC36843F00053C360D4
:10BBB00000240A20F9F710FA0A342846FFF7D4FFC8
:10BBC0000128EDD0C72CF4D9EAE70120EBE70120EA
:10BBD000E9E70000D0F80029054B1340C0F8003910
:10BBE000D0F8043843F48073C0F80438002070475C
:10BBF00000F8FFFF10B4046C154B9C4203D9D0F839
:10BC0000003B002B16DB0024C0F8104BD0F8104B83
:10BC100044F40024C0F8104BD0F8104B44F0180442
:10BC2000C0F8104BD0F8104B44F0C044C0F8104B93
:10BC3000012903D000205DF8044B7047C0F8142B95
:10BC4000D0F8003B43F08023C0F8003BF2E700BF90
:10BC50000A30544F10B5D0F8D43203F1B00250F886
:10BC600022408CB100EB820043687BB194F8000263
:10BC7000FF280DD09B6894F8012221469847FF23A6
:10BC800084F80032002010BD0320FCE70020FAE712
:10BC90000020F8E70A230380004870475C01002475
:10BCA000F8B506460F4F8221384600F024FC0546C1
:10BCB0000121384600F01FFC04468121384600F07F
:10BCC0001AFC0DB11022AA711CB14022227100226F
:10BCD000627118B140220271002242714323338005
:10BCE0000048F8BD18010024F8B506460F4F822120
:10BCF000384600F000FC05460121384600F0FBFB09
:10BD000004468121384600F0F6FB0DB11022AA71DD
:10BD10001CB1402222710022627118B140220271CE
:10BD200000224271432333800048F8BD18010024EB
:10BD3000F8B506460F4F8221384600F0DCFB054679
:10BD40000121384600F0D7FB04468121384600F037
:10BD5000D2FB0DB11022AA711CB100222271022265
:10BD6000627118B1002202710222427143233380B2
:10BD70000048F8BD1801002438B5D0F8D432B033EB
:10BD800050F8235095B10446F6F768FDC5F80C024B
:10BD9000D4F8D432B03304EB83046368DB6805F570
:10BDA0000371D5F804029847002038BD0320FCE752
:10BDB00038B5D0F8C852D0F8D432B03350F8234058
:10BDC00084B301F00F0303EB830200EB820292695C
:10BDD0004AB103EBC30C05EB8C05ED69B2FBF5FC36
:10BDE00005FB1C2292B10023C4F81432D0F8D432DF
:10BDF000B03300EB830043681B69ABB10A4604F51E
:10BE00000471D4F808029847002038BD03EB83037F
:10BE100000EB830300249C6123462246F6F766FD6F
:10BE20002046F2E70320F0E70020EEE7F0B583B00C
:10BE3000D0F8D43203F1B00250F8227000228DF80D
:10BE40000720ADF80420002F7BD004460D4609786A
:10BE500011F0600634D0202E6CD1EA882AB311F09C
:10BE6000800F07D16B7887F80032EA883F2A13D811
:10BE7000D2B212E0B03300EB83035B689B683946B3
:10BE800068789847EA88072A28BF0722394620465B
:10BE900000F0F9FE002651E0402287F801223946E1
:10BEA000204600F005FF002648E0B03300EB830495
:10BEB00063689B68002229466878984700263DE021
:10BEC0006F780B2F31D8DFE807F00639303030308B
:10BED00030303030162690F89C32DBB2032B04D081
:10BEE000294600F045FB032628E0022201A900F0C4
:10BEF000CAFE3E4622E090F89C32DBB2032B04D00F
:10BF0000294600F035FB032618E001220DF1070158
:10BF100000F0B9FE12E090F89C32DBB2032B0DD09A
:10BF2000294600F025FB032608E0294600F020FB07
:10BF3000032603E0294600F01BFB0326304603B02E
:10BF4000F0BD0326FAE738B504468121F6F7AEFCCA
:10BF50000025258701212046F6F7A8FCA4F8785192
:10BF600082212046F6F7A2FCA4F84C50A4F84E50CB
:10BF7000D4F8D43203F1B00254F822209AB1B0338D
:10BF800004EB83035B685B689847D4F8D432B03322
:10BF900054F82300F6F76CFCD4F8D432B03344F8EC
:10BFA0002350C4F8BC52002038BD70B504464FF48D
:10BFB0000770F6F759FC002849D005464FF4077280
:10BFC0000021F4F70FFCD4F8D432B03344F82350F6
:10BFD000C4F8BC52237C002B41D14FF400730222E1
:10BFE00081212046F6F757FC012626874FF400737F
:10BFF000022231462046F6F74EFCA4F87861102361
:10C00000A4F84E300823032282212046F6F743FC91
:10C010000123A4F84C300026C5F80462D4F8D432C9
:10C02000B03304EB83035B681B689847C5F8146260
:10C03000C5F81862D5F8042262B3257C1DBB4FF405
:10C04000007301212046F6F759FC284670BDD4F84C
:10C05000D432B033002244F823200225F5E74023F0
:10C06000022281212046F6F716FC0126268740236E
:10C07000022231462046F6F70EFCA4F87861102320
:10C08000A4F84E30BEE7402301212046F6F736FCE7
:10C090000025DAE70225D8E739B1D0F8D432B03339
:10C0A00000EB830041600020704703207047D0F808
:10C0B000D432B03350F823302BB1C3F80812C3F890
:10C0C00010220020704703207047D0F8D432B033DC
:10C0D00050F823301BB1C3F804120020704703202E
:10C0E000704710B5D0F8D432B03350F8232092B155
:10C0F000047C44B94FF40073D2F804220121F6F70E
:10C10000FDFB204610BD4023D2F804220121F6F7A2
:10C11000F5FB0024F5E70324F3E798B108B50346DF
:10C120000020C3F8B802C3F8C402C3F8D00209B1B2
:10C13000C3F8B412012183F89C121A701846F6F75E
:10C140003FFB08BD0320704710B582B00023ADF857
:10C15000063089B10446C0F8B812CB6A23B10DF19C
:10C1600006009847C4F8D002D4F8D8320133C4F896
:10C17000D832002002B010BD0320FBE708B5F6F767
:10C1800082FB08BD08B5D0F8B83213B11B689847D8
:10C1900008BD0020FCE708B5D0F8B8325B689847C6
:10C1A00000B908BD0320FCE738B5044600F2AA2513
:10C1B000284600F0C9F90123C4F89432B4F8B0322B
:10C1C000C4F8983294F8AA1201F01F03012B0DD085
:10C1D000022B10D02BB101F080012046F6F76EFB48
:10C1E00003E02946204600F095FB38BD294620464D
:10C1F00000F0CBFBF9E72946204600F008FCF4E705
:10C20000F8B50446012380F89C320023C0F894322C
:10C210004360C0F8A43280F8A032D0F8B832DBB165
:10C220005B68DBB1002198470746C8B9402300226C
:10C2300011462046F6F72FFB0126A4F8646140253D
:10C24000C4F860512B46002280212046F6F723FBDC
:10C25000A68425623846F8BD0027E7E70027E5E712
:10C260000327E3E701740020704790F89C32DBB2AB
:10C27000042B04D090F89C32DBB280F89D3204236A
:10C2800080F89C320020704790F89C32DBB2042B7F
:10C2900001D00020704790F89D32DBB280F89C32CC
:10C2A000F7E708B590F89C32DBB2032B01D00020F1
:10C2B00008BDD0F8B832002BF9D0DB69002BF6D0DE
:10C2C0009847F4E708B5D0F8D432AE3350F82320BD
:10C2D0005AB190F89C32DBB2032B01D0002008BD8C
:10C2E000136A23B198470020F9E70320F7E70020FD
:10C2F000F5E708B5D0F8D432AE3350F823205AB160
:10C3000090F89C32DBB2032B01D0002008BD536AA9
:10C3100023B198470020F9E70320F7E70020F5E76D
:10C320000020704708B5012380F89C32D0F8B8325D
:10C3300023B15B680179984710B908BD0020FCE77C
:10C340000320FAE7002070470020704738B5044604
:10C350000D46002943D11346D0F89422032A01D078
:10C36000084638BDD0F85C11D0F86021914212D84F
:10C3700090F8AA3203F01F03012B17D0022B1CD018
:10C38000284694F89C32DBB2032B1BD0204600F0E9
:10C39000A6FC2846E5E7891AC0F85C118A4228BF46
:10C3A0000A46194600F093FC2846DAE790F8AE12E8
:10C3B000FFF7C8FF0028E9D1E3E790F8AE12FFF7D6
:10C3C000C3FFF7E700F1AE0354F823301A69002ADF
:10C3D000DCD0C4F8D4021B6920469847D6E701F0A8
:10C3E0007F01FFF7B1FF90B994F89C32DBB2032BC9
:10C3F000B7D100F1AE0354F823309A69002AB0D0C7
:10C40000C4F8D4029B69294620469847A9E7002032
:10C41000A7E738B504460D4600294BD11346D0F89E
:10C420009422022A07D094F8A00218B1002384F8BD
:10C43000A032284638BDC269016A8A420ED88A42B3
:10C4400018D094F89C32DBB2032B27D080212046F1
:10C45000F6F734FA204600F04DFCE4E7521AC261C8
:10C46000194600F01DFC00231A4619462046F6F72F
:10C4700045FAD8E783699942E3D8D0F898229342E5
:10C48000DFD20022114600F00BFC0021C4F8981204
:10C490000B460A462046F6F731FAC4E7D4F8B8321C
:10C4A000DA68002AD2D00022C4F8D422DB68204601
:10C4B0009847CBE741F08001FFF746FF90B994F829
:10C4C0009C32DBB2032BB5D100F1AE0354F823301C
:10C4D0005A69002AAED0C4F8D4025B6929462046C6
:10C4E0009847A7E70020A5E703780A8813440B8044
:10C4F000037818447047428803789A4218D930B5B7
:10C5000083B004460D46ADF806306288BDF80630AB
:10C510009A420AD90DF10601FFF7E6FF4378052B91
:10C52000F3D18378AB42F0D100E0002003B030BDFE
:10C53000002070470346002002E00130C0B2013302
:10C540001A78002AF9D170470B7803704B78437042
:10C550008B78CA7843EA022343800B794A7943EA0D
:10C56000022383808B79CA7943EA0223C380704710
:10C5700010B504468021F6F7A1F900212046F6F710
:10C580009DF910BD30B583B004460D460023ADF8CB
:10C5900006304A88130A013B0E2B00F2BC80DFE80C
:10C5A00003F0153044BABA9EABBABABABABABABA3C
:10C5B0000800D0F8B432DB6923B10DF10601007C2C
:10C5C00098470AE02946FFF7D3FF18E0D0F8B432C5
:10C5D0001B680DF10601007C9847EA88002A00F0EC
:10C5E000A380BDF80630002B00F099809A4228BF46
:10C5F0001A46ADF806200146204600F044FB03B081
:10C6000030BD037C43B9D0F8B8329B6A0DF1060007
:10C61000984702234370E0E7D0F8B832DB6A0DF1A7
:10C620000600984702234370D7E7D2B2052A52D8B2
:10C63000DFE802F003101D2A3744D0F8B4325B68FB
:10C6400023B10DF10601007C9847C6E72946FFF7A4
:10C650008FFFD4E7D0F8B4329B6823B10DF1060107
:10C66000007C9847B9E72946FFF782FFC7E7D0F873
:10C67000B432DB6823B10DF10601007C9847ACE7CA
:10C680002946FFF775FFBAE7D0F8B4321B6923B12A
:10C690000DF10601007C98479FE72946FFF768FFE8
:10C6A000ADE7D0F8B4325B6923B10DF10601007C2F
:10C6B000984792E72946FFF75BFFA0E7D0F8B4322E
:10C6C0009B6923B10DF10601007C984785E7294657
:10C6D000FFF74EFF93E72946FFF74AFF8FE7037CFA
:10C6E00033B9D0F8B8325B6B0DF10600984774E7A8
:10C6F0002946FFF73DFF82E7037C43B9D0F8B83203
:10C700001B6B0DF1060098470723437065E7294628
:10C71000FFF72EFF73E72946FFF72AFF6FE7294649
:10C720002046FFF725FF6AE7204600F0D8FA66E7C3
:10C7300038B504468B88FBB9CB88EBB94B887F2B87
:10C740001AD803F07F0590F89C32DBB2032B0CD093
:10C7500080F89E522946F6F7C1F8204600F0BFFA4D
:10C7600035B1022384F89C3209E0FFF701FF06E0AF
:10C77000012384F89C3202E02046FFF7F9FE38BD21
:10C7800070B504460E468D782F4B1D70012D10D8C4
:10C7900090F89C32DBB2022B0FD0032B26D0FFF790
:10C7A000E7FE294B19782046FFF7F5FC03252846BC
:10C7B00070BDFFF7DDFE0325F9E7A5B14560294609
:10C7C000FFF7E0FC054638B131462046FFF7D0FEC2
:10C7D000022384F89C32EAE7204600F080FA032323
:10C7E00084F89C32E3E700F07AFAE0E7CDB14168E3
:10C7F0008D4225D0C9B2FFF7CEFC134B197861608A
:10C800002046FFF7BFFC0546B0B131462046FFF792
:10C81000AFFE21792046FFF7BEFC022384F89C324C
:10C82000C5E7022380F89C3245602946FFF7B3FC38
:10C83000204600F054FABAE7204600F050FAB6E776
:10C8400000F04DFA0025B2E7B488002408B5CB8883
:10C85000012B0BD190F89C32DBB2022B09D9032BB0
:10C8600009D10122011D00F00EFA01E0FFF780FE60
:10C8700008BD5BB213B9FFF77BFEF9E70146002361
:10C8800041F8083F012200F0FEF9F1E708B590F801
:10C890009C32013B022B12D8CB88022B0CD10123F6
:10C8A000C360D0F8A4320BB10323C360022200F1AD
:10C8B0000C0100F0E8F908BDFFF75AFEFBE7FFF7AF
:10C8C00057FEF8E708B54B88012B04D0022B07D0A0
:10C8D000FFF74EFE08BDC0F8A43200F000FAF9E7F9
:10C8E0008B881B0A80F8A03200F0F9F9F2E708B54E
:10C8F00090F89C32013B022B09D84B88012B00D0C9
:10C9000008BD0023C0F8A43200F0E9F9F8E7FFF70A
:10C910002FFEF5E738B50C7804F06004202C06D023
:10C92000402C04D06CB1FFF723FE002407E0D0F8C0
:10C93000D432AE3350F823309B68984704462046E3
:10C9400038BD4D78092D1DD8DFE805F012191C16E9
:10C950001C08051C0F0BFFF715FEF0E7FFF7E8FEBC
:10C96000EDE7FFF70DFF0446E9E7FFF76FFFE6E7A6
:10C97000FFF78CFF2C46E2E7FFF7A4FFDFE7FFF7A6
:10C98000B6FFDCE7FFF7F4FDD9E770B505460C46C6
:10C990000B7803F06003202B07D0402B05D023B188
:10C9A000FFF7E6FD0026304670BD95F89C32013B4E
:10C9B000022B26D82179012905D921462846FFF7DF
:10C9C000D7FD0026EFE72846FFF7BCFC68B900F169
:10C9D000AE0255F82220916889B1C5F8D402936857
:10C9E000214628469847064600E00326E388002BA8
:10C9F000D9D1002ED7D1284600F071F9D3E703260C
:10CA0000F4E721462846FFF7B3FD0026CBE72DE9E2
:10CA1000F04106460D468B88DFB20C7804F06004C6
:10CA2000202C08D0402C06D0DCB1FFF7A1FD00245B
:10CA30002046BDE8F08139463046FFF785FC0446C4
:10CA4000002840F0F980C6F8D40200F1AE0356F891
:10CA500023309B68002BEBD029463046984704468C
:10CA6000E6E791F80180B8F1010F31D0B8F1030F7A
:10CA700005D0B8F1000F66D0FFF77AFDD8E790F83F
:10CA80009C32DBB2022B04D0032B11D0FFF770FDD8
:10CA9000CEE7002F18BF802F07D03946F5F70EFFDD
:10CAA00080213046F5F70AFFC2E7FFF761FDBFE7D7
:10CAB0004B882BB9002F18BF802F01D0CB881BB11A
:10CAC000304600F00CF9B3E73946F5F7F7FEF7E723
:10CAD00090F89C32DBB2022B04D0032B11D0FFF76D
:10CAE00047FDA5E7002F18BF802F07D03946F5F77F
:10CAF000E5FE80213046F5F7E1FE99E7FFF738FDC6
:10CB000096E74B88002B93D117F07F0F17D1304653
:10CB100000F0E5F839463046FFF716FC002887D1CB
:10CB2000C6F8D40200F1AE0256F822209268002A1C
:10CB300000F08480294630469047044678E739461D
:10CB4000F5F7C4FEE3E790F89C22D2B2022A05D0A2
:10CB5000032A28D0FFF70CFD444669E7002F18BFD1
:10CB6000802F13D113F0800F14D107F07F0707EB4C
:10CB70008707B90001F5A8710144043100230B6057
:10CB80000222304600F07FF8444651E7FFF7F0FC00
:10CB900044464DE707F07F0707EB8707B9001031E0
:10CBA00001440431EAE75BB2002B20DB07F00F02FF
:10CBB00002EB820200EB8202B2F8642122B3002B66
:10CBC00026DB07F07F0303EB83039C0004F5A874C6
:10CBD00034440434802F18BF002F22D10023236057
:10CBE00002222146304600F04EF8444620E707F086
:10CBF0000F0202EB820200EB8202928C002ADED14D
:10CC0000FFF7B6FC444613E7FFF7B2FC44460FE7D4
:10CC100007F07F0303EB83039C0010343444043497
:10CC2000D8E739463046F5F703FE10B101232360FB
:10CC3000D6E700232360D3E70024F9E60446F7E6AD
:10CC400000B370B50D4616460446FFF773FC01307D
:10CC50004300B3F5007F06D89BB233802B700323CB
:10CC60006B7002230AE04FF40073F6E7EA540134D4
:10CC70005A1CD2B20021A9540233DBB22278002A16
:10CC8000F4D170BD704708B513460222C0F8942253
:10CC90008361C3610A460021F5F728FE002008BD24
:10CCA00008B513460A460021F5F720FE002008BD0E
:10CCB00008B513460322C0F89422C0F85831C0F8D2
:10CCC0005C310A460021F5F719FE002008BD08B5C1
:10CCD00013460A460021F5F711FE002008BD08B5ED
:10CCE0000422C0F8942200231A461946F5F7FEFDE7
:10CCF000002008BD08B50522C0F8942200231A467A
:10CD00001946F5F7FBFD002008BD000030B583B0E3
:10CD1000002500950195204B5C68204B1B68204A3C
:10CD2000A2FB03239B0CB4FBF3F42B4601350093C9
:10CD300001941C4AD2F8003102EBC30C02A911E99C
:10CD400003008CE80300013303F01F03C2F8003135
:10CD500002F58273BFF35B8F53E8001F013143E894
:10CD600000100028F8D1D2F808311BB159681868B2
:10CD7000F5F74AFF084B5B68084A12680849A1FBAF
:10CD80000212920CB3FBF2F31B1BB3F57A7FC2D2F3
:10CD9000F5F71AFFEEE700BF001000E06400002482
:10CDA00083DE1B43B888002430B585B004465E4B53
:10CDB0000293D3F80431BFF35B8F0393002575E032
:10CDC000D2F800015B1A034403F01F03EC4602EBA8
:10CDD000C30393E803008CE8030001237FE00023F2
:10CDE0007DE0002304EB8402504901EB820204320F
:10CDF000BFF35B8F52E8001F194442E8001000287F
:10CE0000F8D1BFF35B8F4A4B5A684A4B1B684A49BB
:10CE1000A1FB03139B0CB2FBF3F3019A9A1A43484C
:10CE2000A30004EB8401890008310144BFF35B8F48
:10CE300051E8005F154441E8005CBCF1000FF7D1F8
:10CE4000BFF35B8F23449B001033C118BFF35B8F8C
:10CE5000C358BFF35B8F9A420CD9BFF35B8F51E885
:10CE6000000F984202D141E80025002DBFF35B8FEF
:10CE70000346F0D104EB84039B0008332B490B4499
:10CE8000191DBFF35B8F5B68BFF35B8F9A420CD2B7
:10CE9000BFF35B8F51E8000F984202D141E80025B3
:10CEA000002DBFF35B8F0346F0D1009D039B029AD8
:10CEB000D2F80411BFF35B8F8B4290D0C81A2028A0
:10CEC0007FF67EAFD2F800311F3303F01F03EC462C
:10CED00002EBC30292E803008CE80300012313B1C4
:10CEE000039A01320392E3B104EB84030F4A02EB8D
:10CEF0008303BFF35B8F53E8002F013243E8002127
:10CF00000029F8D1BFF35B8F002D3FF47CAF009B6D
:10CF10006A1C93423FF477AF7FF663AF5B1B013B24
:10CF200060E7F5F751FEC1E7B888002468010024E6
:10CF3000001000E06400002483DE1B432DE9F04371
:10CF40009DB0AAE037468AE0594F43463A46182139
:10CF500010A8F3F7A7FD4B463A46182116A8F3F799
:10CF6000A1FD16AB049310AB03930AAB029306AB7F
:10CF700001930095334622464E490020F7F7DCFF27
:10CF80000134022C00F385804B4BA10004EB84029A
:10CF900003EB82020020BFF35B8F52E8006F42E890
:10CFA0000005002DF9D1BFF35B8F0432BFF35B8F17
:10CFB00052E8005F42E80007002FF9D1BFF35B8F12
:10CFC0000A19920008321A44BFF35B8F52E8007FBF
:10CFD00042E8000CBCF1000FF8D1BFF35B8F0432C4
:10CFE0004FF0FF3CBFF35B8F52E8008F42E800CE6A
:10CFF000BEF1000FF8D1BFF35B8F214489001031DF
:10D000001944BFF35B8F51E8009F41E80003002BF8
:10D01000F9D1BFF35B8FAA191CD0AB0FA900491936
:10D0200043F10003DB0043EA5173C900491B63F17C
:10D0300000031B0143EA1173090111EB050C43F1D5
:10D040000003190103464FEA0C1041EA1C71F3F783
:10D0500083F90246002E3FF475AFB7FBF6F7174B86
:10D06000A3FB02135B09642000FB13220092144A05
:10D07000102106A8F3F716FD3B460D4A18210AA811
:10D08000F3F710FD002E7FF45FAF0E4B1093169355
:10D0900067E70D490020F7F74FFF4FF47A70F5F777
:10D0A000A5FD0A490020F7F747FF002469E700BF04
:10D0B000B4D20008BCD20008680100241F85EB51DF
:10D0C000A8D200084E2F41000CD3000884D20008DB
:10D0D00010B50024012C06DC002221460A48F5F791
:10D0E00015FD0134F6E70024022C06DC002221465F
:10D0F0000648F5F70BFD0134F6E700221146044817
:10D10000F5F704FDFEE700BF0DCD0008A9CD00082E
:10D110003DCF0008F8B500BFF8BC08BC9E4670477C
:0CD12000F8B500BFF8BC08BC9E46704784
:10D12C0000000000000000000000000000000000F3
:10D13C0000000000010000000200000003000000DD
:10D14C0004000000000000000500000000000000CA
:10D15C0000000000000000000600000000000000BD
:10D16C000000000000000000070000006170705F0C
:10D17C006D61696E0000000064656661756C7454C5
:10D18C0061736B0084D100080000000000000000F7
:10D19C000000000000000000000800001800000063
:10D1AC000000000000000000000000000102030469
:10D1BC00010203040607080953544D333220566903
:10D1CC00727475616C20436F6D506F727400000047
:10D1DC0053544D6963726F656C656374726F6E69DD
:10D1EC006373000043444320436F6E66696700001D
:10D1FC0043444320496E74657266616365000000A8
:10D20C0049444C4500000000546D72510000000070
:10D21C00546D7220537663005465726D696E616C47
:10D22C000000000000000000000054545220524541
:10D23C004747455300000000303132333435363720
:10D24C003839414243444546000610160006101674
:10D25C00010002000400060008000A000C00100087
:10D26C0020004000800000010804020408010101B4
:10D27C0001010103070100003D3D3D3D3D2050658E
:10D28C0072666F726D616E6365204D6F6E69746F3F
:10D29C0072203D3D3D3D3D0A0000000025752E25C8
:10D2AC0030327525250000002575207573000000AF
:10D2BC00537562736372696265722025643A2072D9
:10D2CC006563763D25752C206C6F73743D25752C2C
:10D2DC00206C6F73745F726174653D25732C206CC8
:10D2EC006174656E63793A206176673D25732C20F5
:10D2FC006D696E3D25732C206D61783D25730A0098
:10D30C000A000000232D302B20000000686C4C001C
:10D31C006566674546470000303132333435363761
:10D32C003839414243444546000000003031323325
:10D33C003435363738396162636465660000000045
:08D34C003C30FF7F01000000EE
:04D354003903000891
:04D3580011030008B5
:10D35C000400002400000000000000000000000099
:10D36C0000000000000000000000000000000000B1
:10D37C0000000000000000000000000000000000A1
:10D38C000000000000000000000000000000000091
:10D39C000000000000000000000000000000000081
:10D3AC000000000000000000000000000000000071
:10D3BC00000000000090D0030090D0034526000828
:10D3CC00FD2500080126000819260008052600087E
:10D3DC000D29000819290008DD290008B9290008C1
:10D3EC00A5290008F92900081D2A000800000000E2
:10D3FC0012010002020200408304405700020102A5
:10D40C0003010000040309041A03000000000000DB
:10D41C000000000000000000000000000000000000
:10D42C0000000000AAAAAAAA010000001000000037
:10D43C00ABBF000847BF00082DBE0008000000006D
:10D44C0055BC0008B1BD000879BD00080000000003
:10D45C00000000000000000031BD0008E9BC00081D
:10D46C00A1BC000895BC000809024300020100C0E1
:10D47C00320904000001020201000524001001051C
:10D48C002401000104240202052406000107058280
:10D49C000308001009040100020A0000000705013E
:10D4AC000240000007058102400000000A0600024D
:10D4BC00000000400100000000000000000000001F
:10D4CC0000000000FFFFFFFF000000000000000054
:10D4DC000000000000000000FFFFFFFF0000000044
:10D4EC00000000000000000000000000FFFFFFFF34
:04D4FC00000000002C
:0400000508002A4184
:00000001FF
